,商品全名,用户评论时间,用户评论内容
0,Apple MacBook Pro 13.3英寸笔记本电脑 银色（2017款Multi-Touch Bar/Core i5/8GB/512GB MPXY2CH/A）,2017-11-25 18:25:40,没话说，小伙伴双11前在某B 买的，我双11京东下的单，只比他贵几百，但是我比他多了一个京东的售后支撑，至少我心里是放心的，另外第一次体验京尊达&hellip;好像真的是专车，因为送货的小哥是正装白手套，哈哈，让我虚荣心得到了满足，每个电商都有或多或少的毛病，反正我相信京东，确实不行还有京东售后嘛，退呗，换呗，最后一点希望京东不要放弃老客户，不要一门心思的发展plus会员了，我们这些老客户给你的支持不必买你一个会员少吧
1,Apple MacBook Pro 13.3英寸笔记本电脑 银色（2017款Multi-Touch Bar/Core i5/8GB/512GB MPXY2CH/A）,2017-12-07 00:45:30,完全被它的颜值征服了，特意用相机拍了一组照片，对于喜欢摄影的我来说，单反一直是我的小老婆，现在MacBook pro是我的小小老婆了，拍照前期是谱曲后期是演奏，一定要有一个好的后期输出设备，Retina屏简直惊艳到爆。之前看大家都在评论说触控板很好用，没亲自体验之前觉得大家在夸大其词，现在简直爱上这块超大触控板了，单手操作的效率可以媲美触控屏，可以完全抛弃鼠标。第一次开机的时候默认桌面壁纸和店铺首页图片还有大家晒单的照片壁纸不一样，检查了序列号是没问题的，电池循环次数1，我猜应该是后来新生产的机器都是这个壁纸吧，不知道大家有没有和我一样的。最后，花了很多钱买了一个电子产品，贵肯定是有贵的道理，能用它创造出价值来就是值得的。
2,Apple MacBook Pro 13.3英寸笔记本电脑 银色（2017款Multi-Touch Bar/Core i5/8GB/512GB MPXY2CH/A）,2017-12-16 17:09:42,东西非常不错，很喜欢，加上之前在京东买的鼠标耳机，棒棒哒，12.13立即下手免息购买，非常棒，虽然中间有些小插曲，但是还是很好的，第一次用mac，感觉太爽了，跟windows不是一个级别的，哈哈
3,Apple MacBook Pro 13.3英寸笔记本电脑 银色（2017款Multi-Touch Bar/Core i5/8GB/512GB MPXY2CH/A）,2017-11-15 14:06:41,对比了很久，也去实体店体验了，本着买新不买旧的原则，就买了这一款。13的屏幕的确刚刚好，256G也刚刚好，有着touch bar也是刚刚好
4,Apple MacBook Pro 13.3英寸笔记本电脑 银色（2017款Multi-Touch Bar/Core i5/8GB/512GB MPXY2CH/A）,2017-11-04 10:58:38,很不错吧，但是还是建议大家买256g的，不然你一定会后悔的！！！正面的都有啦，给大家看看侧面。急换电脑的同学不建议你们购买，因为适应期真的很长。大家可以装一个虚拟机，这样双系统起来比较稳定，当然我舍友的电脑还是崩了一次。。。保佑大家有好运吧，我现在是老电脑微软和这架一起使用，哎，真的别虚荣，真的别当颜狗。选择适合自己的低价的可能一时不爽，但是追求一些不适合自己的东西可能会长期不爽。别喷，真心话。。。。
5,Apple MacBook Pro 13.3英寸笔记本电脑 银色（2017款Multi-Touch Bar/Core i5/8GB/512GB MPXY2CH/A）,2018-02-12 02:00:32,2012年在京东买了第一台联想笔记本电脑，Y480  6K多，用了6年了，还是杠杠的，现在放在自己办公室当做台式机用！现在一直使用苹果产品！真心觉得不错！从最初到现在以及未来以后！苹果系统真是杠杠的！最初iPhone也是4S～iPhoneX现在，一直在京东购买！京东真心不错！使用京东6年的时间+过程，一直在体验，从最小做到现在规模怎么大！希望越来越好！
6,Apple MacBook Pro 13.3英寸笔记本电脑 银色（2017款Multi-Touch Bar/Core i5/8GB/512GB MPXY2CH/A）,2018-05-02 14:34:58,首先要赞一个快递服务，我本来选的是最晚的京准达，结果回到家还是很晚了，后来快递小哥在晚上九点多的时候又跑了一次，态度很好。其次，很久以前就想买苹果的笔记本了，但是一直以来都觉得比较#，而且非常贵，现在因为工作上的原因，我会用到笔记本，所以一咬牙买了，拿到手就是惊艳，太艺术品了，系统很流畅，安装了office后，基本上除了不能玩游戏剩下的都可以，玩游戏的话我自己组装的大台式吃鸡完全不在话下，不用安装双系统，触控板很棒，基本告别鼠标了，值不值不说，光就产品来说很满意
7,Apple MacBook Pro 13.3英寸笔记本电脑 银色（2017款Multi-Touch Bar/Core i5/8GB/512GB MPXY2CH/A）,2018-04-30 20:43:06,"在京东买成钻石了已经，这次真都想给个零星。
第一次的本出现了花屏（看视频/开盖），当时由于手头工作较忙在单位用win机器做开发，使用该mac的频率很低，确认花屏的时候已经到了购买后第15天，致电京东告知我要么返回京东做7-15天检测，要么去本地苹果售后做检测，由于就要出差外地正是用本的时候，就在本地售后做的检测，坐标石家庄东方大厦，这是一家Apple Premium（比较优质）的售后，拿去检测一天答曰一切正常，没办法只好返回京东检测，好在一周左右后给我换了。
担心的还是发生了，如果说第一次是小概率事件，是我中奖，那么第二次真的无法接受，底面拆机接缝处的小痕迹，左侧印象细微的磕痕我都可以说服自己这是无所谓的事，但是使用一个半小时死机什么鬼？（只打开chrome的情况下），第二天F11（音量减小键）连击，看视频中自动静音，自动最大音什么鬼？
基于此我申请了退货，但京东的几个客服反复以强硬的态度告诉我依然两个选择，要么去售后检测，要么返回京东7-15天的检测。
至此距我第一次购买已经一个月了，耽误时间的什么就不说了，真是被这事恶心到了。
是的，京东是大厂，就给你发次品你能咋地，都是间歇性都奇"
8,Apple MacBook Pro 13.3英寸笔记本电脑 银色（2017款Multi-Touch Bar/Core i5/8GB/512GB MPXY2CH/A）,2017-11-07 14:21:47,这是一次不得已的升级，所获得的体验也是MacBook Pro中最底层的。但是2017款MacBook Pro还是给我带来了巨大的惊喜，一方面延续了固有的优秀试用体验，另一方面在屏幕、触控板上的提升是能够让你愿意彻底抛弃原有的设备的。也有一些方面的改变，比如键盘、接口，需要适应。
9,Apple MacBook Pro 13.3英寸笔记本电脑 银色（2017款Multi-Touch Bar/Core i5/8GB/512GB MPXY2CH/A）,2018-03-17 19:46:55,设计必备，看了很久才下决心在京东买，目前检测没有毛病，没有七天无理由退货是有原因的，是保证你不会拿到拆过的机器，如果买到有问题的机器也没办法。但是苹果的良品率很高，一般不会有问题。比~便宜一千五左右，整体体验比较满意，用一段时间再来追评。拆包装还是挺激动的。
10,Apple MacBook Pro 13.3英寸笔记本电脑 银色（2017款Multi-Touch Bar/Core i5/8GB/512GB MPXY2CH/A）,2018-01-21 20:08:29,电脑非常喜欢，我觉得深灰色的颜色非常适合小女生啊，哈哈！很酷很酷！关键是小哥哥开车穿西装，打领带，白手套送货上门的哦！不错不错！非常不错啦！
11,Apple MacBook Pro 13.3英寸笔记本电脑 银色（2017款Multi-Touch Bar/Core i5/8GB/512GB MPXY2CH/A）,2018-04-26 00:29:20,帮别人下的单，经典版MacBook pro，没得话说，性价比之王。性能外观各方面完全满意，至今没听到朋友说有什么问题。反正对于apple，基本没有什么疑虑，它贵有它贵的道理。没照片，就放几个自己最近买的magicbook照片好了
12,Apple MacBook Pro 13.3英寸笔记本电脑 银色（2017款Multi-Touch Bar/Core i5/8GB/512GB MPXY2CH/A）,2018-07-15 20:43:28,本子买在618以后，特意用了一段时间才来评价，说一下个人感受吧。设计行业从业者，一直想买个轻薄本，汇报方案、简单调调图、可以看平面图就够了，要求很简单。为什么最后选了它，也很简单～逼格和系统，简单省心。买之前也纠结过要不要等等新款，后来想想自己的用途，性能高低对我没什么意义也就释然了。裸机一枚，没贴膜没包壳，就一个送的内胆，公文包一放完事。最后说一下，京东快递很好，快递小哥很赞！
13,Apple MacBook Pro 13.3英寸笔记本电脑 银色（2017款Multi-Touch Bar/Core i5/8GB/512GB MPXY2CH/A）,2017-11-04 21:20:52,第一次买这么贵的电脑 但是还是物超所值的 感觉还是macos系统好用 那些玩游戏的 劝你还是买Windows系统吧
14,Apple MacBook Pro 13.3英寸笔记本电脑 银色（2017款Multi-Touch Bar/Core i5/8GB/512GB MPXY2CH/A）,2018-07-20 09:32:48,以前没注意京准达服务，买这个下单时候，还必须要我选送货时间，遂生厌。早上8.30分刚把衣服穿上，电话就来了，可能我离大库进吧，小哥一口服务腔远比之前三轮小哥更专业，到了一看，小哥开一辆黑色喷有京东logo的帝豪，着实让人惊讶不已，心下暗道：京东这么牛了现在？！毕竟平时都开蹦蹦。上前表明身份，小哥打开后备箱，一摞儿黑红相间的盒子显现出来，最上面的盒子同样印有京东logo。只见小哥顺手拿了最上面盒子问道：是否打开验货？答：不必了。小哥仍四下展示示意包装完好，并道：如有破损仍可联系云云。收起盒子向家中走去，途经一早食店，稍作停留并吃了两个包子，一个茶叶蛋，还有一碗稀饭。酒足饭饱，扫了店家二维码结账，不敢耽搁，便继续向家中疾行，不消片刻既至家中。急急打开盒子，只见黑盒子封口处有京东奢侈品封签，撕掉并拿去黑色盒子，里面仍套有稍小一圈的普通纸盒，继续打开，电脑的自带包装这才漏出庐山真面目，不消多说，打开包装，翻盖，未及按下电源按钮，屏幕竟然直接亮了？好在官网查询后没什么问题。使用后感觉发热明显，续航不足 ，除了配置高点，屏幕好点，还不如15款的air，继续观察吧
15,Apple MacBook Pro 13.3英寸笔记本电脑 银色（2017款Multi-Touch Bar/Core i5/8GB/512GB MPXY2CH/A）,2018-05-25 15:07:05,这是我网上买过最贵的单品了，非常爱不释手，怕划了，还买了一堆保护措施，配上保护膜鼠标外壳什么的又花了一千来块，再配个超级棒的鼠标，个人觉得这个鼠标比苹果鼠标好用，希望我的完美维护，几年后包膜撕下来还跟新的一样！这个电脑非常好用，发货超级快，我半夜下看到19500的单，竟然早上起来就送到了！京东真是大神啊！
16,Apple MacBook Pro 13.3英寸笔记本电脑 银色（2017款Multi-Touch Bar/Core i5/8GB/512GB MPXY2CH/A）,2018-07-19 19:08:54,为什么我打开safari里面有这么多个人收藏的网页，是新机系统自带的吗？还是别人用过的。
17,Apple MacBook Pro 13.3英寸笔记本电脑 银色（2017款Multi-Touch Bar/Core i5/8GB/512GB MPXY2CH/A）,2018-03-27 16:10:34,挺好的，就是装windows 系统有点热，苹果系统没毛病，之前买了一台27寸的一体机一直也用着
18,Apple MacBook Pro 13.3英寸笔记本电脑 银色（2017款Multi-Touch Bar/Core i5/8GB/512GB MPXY2CH/A）,2017-07-23 12:59:15,首先赞一下京东自营快递的速度真的很快，而且快递小哥态度非常好。苹果的macbook pro做工其他品牌是比不了的，包装很简洁但保护很到位，屏幕显示效果非常清晰色彩很舒服处理图片很是享受，键盘键程虽然很短但是有清脆的手感我个人很喜欢这手感，笔记本的转轴阻尼刚刚好单手可以轻松打开上盖，本子的散热效果很好。最后要说的是macbook pro13寸的重量很轻非常合适经常需要移动办公的人。
19,Apple MacBook Pro 13.3英寸笔记本电脑 银色（2017款Multi-Touch Bar/Core i5/8GB/512GB MPXY2CH/A）,2017-08-11 22:13:24,原来买惠普新出的envy13.3寸高配，到手后发现屏幕太小，就决定加价换mac pro。*入手，屏幕很细腻，装了双系统，win10下有时会死机、比较烫、有些办公软件不兼容会变成超小字体，外观很漂亮，总之挺喜欢的，给五星吧。
20,Apple MacBook Pro 13.3英寸笔记本电脑 银色（2017款Multi-Touch Bar/Core i5/8GB/512GB MPXY2CH/A）,2018-02-17 22:30:42,看视频，发热，其他还好！苹果外观确实很棒！发热有点讨厌，很热！没试充满可以看几小时的视频，后面追评！
21,Apple MacBook Pro 13.3英寸笔记本电脑 银色（2017款Multi-Touch Bar/Core i5/8GB/512GB MPXY2CH/A）,2018-02-14 12:52:03,这次算是在京东消费较大的一次了，第一次用苹果系统，正在熟悉中，人机交换不错，u还弱了些，没有独显，没有16g内存，装adobe2018启动还是要装载一会儿，最满意的是触控板，只要熟悉各种手势，完全没必要买鼠标，bar用着也不错，方便，希望以后能让更多的软件支持！买来学做设计的，性能离期望值有点远，要性能的话还是要买工作站，颜值超高，装b利器。
22,Apple MacBook Pro 13.3英寸笔记本电脑 银色（2017款Multi-Touch Bar/Core i5/8GB/512GB MPXY2CH/A）,2017-11-18 21:04:49,下单前，曾考虑过很多款笔记本，Suface、小米笔记本、ThinkPad&hellip;&hellip;最后还是选择Macbook！实物拿到手后，太惊艳了，视网膜屏幕真的很舒服、触控板代替了鼠标使用、蝴蝶键盘敲击很舒服、还有就是touch bar、以及iCloud功能&hellip;&hellip;太多的优点，唯一缺点就是OSX系统目前确实部分APP没有Windows好用，希望以后可以通过update改进。
23,Apple MacBook Pro 13.3英寸笔记本电脑 银色（2017款Multi-Touch Bar/Core i5/8GB/512GB MPXY2CH/A）,2017-10-30 23:41:23,虽然性价比确实相对较低，但是用了几天后，最大的感受就是比起原来笨重的性能本，这个确实是轻多了，背出去很轻松，同时工作效率得到了提升，确实在mac设计方面做了很多易于用户操作的优化，我是做开发的...
24,Apple MacBook Pro 13.3英寸笔记本电脑 银色（2017款Multi-Touch Bar/Core i5/8GB/512GB MPXY2CH/A）,2018-04-09 22:01:34,包装很简洁，不过足够了~机子完美啊！老婆完全是冲着颜值买了这款，性能大大超过需求~用起来心情好就超值~老婆高兴就好~
25,Apple MacBook Pro 13.3英寸笔记本电脑 银色（2017款Multi-Touch Bar/Core i5/8GB/512GB MPXY2CH/A）,2017-12-13 22:17:09,双十二购的，便宜一点，凌晨拍的，下午就到了，京东就是快。电脑棒棒哒，就是不太会用，appid一直登录不上去，折腾了半天，打客服电话，很给力的帮忙解决了。为客服点个赞！第一次用mac，慢慢习惯吧！对于程序员应该很实用。
26,Apple MacBook Pro 13.3英寸笔记本电脑 银色（2017款Multi-Touch Bar/Core i5/8GB/512GB MPXY2CH/A）,2017-11-24 22:58:46,"电脑有问题啊！！！刚用几次，已经出现两次电脑没反应，彩色圈圈一直转的问题，到现在已经转了将近10分钟了，一直没反应。并且下东西速度非常慢！！才100m的东西竟然显示得下两天！！！
而且这次派送也有问题，买了一个星期，系统一直显示一个站点货物太多，让我等等。结果有天早晨莫名其妙地，就显示已收货！！吓得我赶紧起来打电话，结果送到了自提点，还是我自己搭车去取的&hellip;&hellip;
让我老觉得苹果电脑感觉被调包了&hellip;&hellip;不然怎么会出这种问题?"
27,Apple MacBook Pro 13.3英寸笔记本电脑 银色（2017款Multi-Touch Bar/Core i5/8GB/512GB MPXY2CH/A）,2017-07-21 08:28:38,稍微适应了一会儿就上手了，确实很好用，尤其是触摸板的逻辑，比鼠标要强很多，办公软件的话买个了许可，和Windows 7就没什么区别了，就是内存空间少了一点，买了一个外接硬盘，实际使用效果不错，如果有的人是使用小米的转换器的话，那个转换器配MacBook会很烫很烫，建议慎重考虑
28,Apple MacBook Pro 13.3英寸笔记本电脑 银色（2017款Multi-Touch Bar/Core i5/8GB/512GB MPXY2CH/A）,2018-06-06 16:00:40,"买之前一直都有担心，网上的评价有褒有贬，看得我眼花缭乱。
之前的iPad和iPhone都是直接在大悦城的实体店里买的，这是第一次在京东买这么贵的东西。犹豫了好久终于下了单，第二天收到，拆箱之前先查了一下序列号，发现没有问题。于是开始激活电脑，屏幕很赞，没有裂痕和缺口，这个清晰度真的感人，幸亏没有买air。总之好评加加加加加啊！都说买到的东西好坏是个概率问题，庆幸自己运气好，买到了一台很赞的机子。这次无论如何都要给京东一个好评！
BTW，真的爱死了苹果系统，买苹果电脑就是为了系统买的，为什么那么多人买了mac却要装双系统呢！！！！！"
29,Apple MacBook Pro 13.3英寸笔记本电脑 银色（2017款Multi-Touch Bar/Core i5/8GB/512GB MPXY2CH/A）,2017-11-05 09:00:52,苹果做工非常的好，包装也很简洁但保护很到位，屏幕显示效果也是非常的清晰色彩。新mac pro的touch bar是个亮点，解决的好多原来许多不方便的地方，特别是做设计很方便。发票一共给我开了3张，单张发票好像他的不能超过万元。键盘敲着不是那么舒服，声音确实有点大。总体还是比较好的，还是值那么多钱。
30,Apple MacBook Pro 13.3英寸笔记本电脑 银色（2017款Multi-Touch Bar/Core i5/8GB/512GB MPXY2CH/A）,2018-02-11 19:25:21,快递小哥特别帅，黑西服白手套红领结，商品质量没问题里外三层盒。苹果的东西外观我就不说了，大家都懂，装B首选。做开发和视频图片处理工作如果预算充足还是推荐的。
31,Apple MacBook Pro 13.3英寸笔记本电脑 银色（2017款Multi-Touch Bar/Core i5/8GB/512GB MPXY2CH/A）,2017-11-05 18:03:31,送货很快，第二天就到了。电脑也上官网查了序列号，是正品。但是这里有点不爽的是开机到登录appleid的时候电脑就卡死了，键盘触摸板都没有用，问客服也不会，发十几句还要等几分钟才看到回一句，还回的没什么用，最后只能强制重启，这让我很不开心，本来想换货的，想想也没去换。等用几天再来评价一下
32,Apple MacBook Pro 13.3英寸笔记本电脑 银色（2017款Multi-Touch Bar/Core i5/8GB/512GB MPXY2CH/A）,2018-07-19 18:29:18,在微软的Surface和苹果Mac Pro之间犹豫了很久，还特意跑去**电器商场里面实际的感受了一下两者的实用感受，最终还是选择了苹果，苹果的速度快一点，清晰度更好点，微软的就是具有触屏，而且是我们熟悉的Office。在网上买就怕有假货，当天收到货后，仔细的查了一下，是正品?！希望在使用中也不会出现什么问题。
33,Apple MacBook Pro 13.3英寸笔记本电脑 银色（2017款Multi-Touch Bar/Core i5/8GB/512GB MPXY2CH/A）,2017-06-20 13:07:28,"全新的，充电次数一次。
优点:很轻薄，屏幕是我用过笔记本看的最舒服的，正常使用基本没有感觉到温度，使用一小时电量扣了百分之5，可能是浏览网页不怎么费电，触摸板手势很好用。
缺点:苹果系统装软件不方便，软件数量也不多，很多专业软件都没有，我琢磨着外接个固态硬盘装windows。新款logo 不发光，感觉发光好看点。使用过程中偶尔会卡顿。另外接口只有usb-c，还要买转接头，前卫不前卫我不知道，反正现在是非常不方便。一星扣在系统软件不丰富上，苹果再这么封闭下去，会是下一个诺基亚。"
34,Apple MacBook Pro 13.3英寸笔记本电脑 银色（2017款Multi-Touch Bar/Core i5/8GB/512GB MPXY2CH/A）,2018-06-24 16:51:27,618一直在看macbook电脑，先是想买12寸那个，后来去实体店听工作人员建议还有朋友建议说这个价位建议买pro，看了机器，哭的深空灰色越看越好看，更商务，更稳重，用来上班，出差很适合，想买256G的，可是256G一直不秒杀，最终等到128G的8999元秒杀，买了，第二天一看，降到8888了，大喜，马上下了单，自助申请价格保护，呵呵，几十秒系统自动审核成功，退回111元差价，8888元到手，比实体店9588便宜700，很划算，这款电脑我感觉续航不行啊，很发热，电掉得快，总计也就用4个小时左右，感觉，离官方的10个小时相差甚远哦，系统方面，不支持东莞银行，招商银行的网银控件，也不支持工行的企业银行控件，自己百度搜索，摸索着下载安装了双系统，成功登陆工行网银系统，买mac主要是觉得系统安全，但是不知道在虚拟机里上网银危险不啊？拿到机器，一打开上盖自动开机，进入设置页面，整体不错，通过百度可以初步学会使用，还挺好用，就是电池续航差哦！难道我买的不是正品？？？
35,Apple MacBook Pro 13.3英寸笔记本电脑 银色（2017款Multi-Touch Bar/Core i5/8GB/512GB MPXY2CH/A）,2018-07-18 20:05:57,早上下单，下午就到，物流很好。工作需要，以前都是windows开发，买了pro以后要好好适应了！
36,Apple MacBook Pro 13.3英寸笔记本电脑 银色（2017款Multi-Touch Bar/Core i5/8GB/512GB MPXY2CH/A）,2017-08-26 21:11:31,触控条真的很好用，贵2400多也值了
37,Apple MacBook Pro 13.3英寸笔记本电脑 银色（2017款Multi-Touch Bar/Core i5/8GB/512GB MPXY2CH/A）,2018-05-05 23:25:51,这电脑是喝大了么？？不给个解释么？
38,Apple MacBook Pro 13.3英寸笔记本电脑 银色（2017款Multi-Touch Bar/Core i5/8GB/512GB MPXY2CH/A）,2018-06-22 12:29:41,垃圾京东，我买的这个一直觉得是个劣质产品，各种出问题，现在这个大写键每次都关不掉，要重新启动才能关，问售后也没人理，崩溃死了，怪自己当时想着比实体店少花一点钱，现在肠子都悔青了。?
39,Apple MacBook Pro 13.3英寸笔记本电脑 银色（2017款Multi-Touch Bar/Core i5/8GB/512GB MPXY2CH/A）,2018-07-20 16:51:26,1万多的电脑外包装还是一个塑料袋，也不给送一个购物袋
40,Apple MacBook Pro 13.3英寸笔记本电脑 银色（2017款Multi-Touch Bar/Core i5/8GB/512GB MPXY2CH/A）,2017-10-14 09:34:59,真心还不错啊，
41,Apple MacBook Pro 13.3英寸笔记本电脑 银色（2017款Multi-Touch Bar/Core i5/8GB/512GB MPXY2CH/A）,2018-03-08 23:05:13,"第一次用MacBook pro
外观给我的感觉有些很好的金属感，造型漂亮的没得说
系统呢，之前用的虚拟机，学习开发的，但是虚拟机总是各种卡不想说了，为了学习开发忍不住买了它 
从去年一直念到现在的book 到手的感觉很棒哈哈
再说说京东快递吧也是相当给力，凌晨下单下午就送到了，包装也是很有逼格，搞得我连最外面的包装都不想扔，哈哈
奉上朋友拍的写真???"
42,Apple MacBook Pro 13.3英寸笔记本电脑 银色（2017款Multi-Touch Bar/Core i5/8GB/512GB MPXY2CH/A）,2018-06-15 15:48:20,第一台mac入手啦  不设计不作图不玩游戏  只是因为它的颜值哈哈哈  一直用iphone  这个系统还没有辣么难搞  适应过来就好了   分辨率确实赞
43,Apple MacBook Pro 13.3英寸笔记本电脑 银色（2017款Multi-Touch Bar/Core i5/8GB/512GB MPXY2CH/A）,2018-04-10 19:14:12,用了几个月 挺好的
44,Apple MacBook Pro 13.3英寸笔记本电脑 银色（2017款Multi-Touch Bar/Core i5/8GB/512GB MPXY2CH/A）,2018-06-03 18:07:15,谁能告诉我这是怎么回事啊
45,Apple MacBook Pro 13.3英寸笔记本电脑 银色（2017款Multi-Touch Bar/Core i5/8GB/512GB MPXY2CH/A）,2017-08-16 17:15:27,京东自营就是黑，商，购买前说支持七天无理由退货，当买回来拆开使用时发现是Windows10的系统，后来让朋友看了是双系统，电脑有两个系统，只能说是别人用过的在转手卖到我手上，客服却说拆封不能退，我买的是256G的内存，在安卓系统已经占了200内存，如果我要安卓的系统1万多何必买苹果呢？只能说一万多在京东买了二手货
46,Apple MacBook Pro 13.3英寸笔记本电脑 银色（2017款Multi-Touch Bar/Core i5/8GB/512GB MPXY2CH/A）,2018-07-17 16:21:36,快递小哥从大兴跑丰台单独送了过来
47,Apple MacBook Pro 13.3英寸笔记本电脑 银色（2017款Multi-Touch Bar/Core i5/8GB/512GB MPXY2CH/A）,2018-07-18 19:30:08,电脑从异地调货的，一共买了两台，价格实在，电脑确认过来评价的，很好用，外观很高级，灰色很好看，京东很给力，货真价实，满意
48,Apple MacBook Pro 13.3英寸笔记本电脑 银色（2017款Multi-Touch Bar/Core i5/8GB/512GB MPXY2CH/A）,2018-07-18 19:29:45,电脑从异地调货的，价格实在，电脑确认过来评价的，很好用，外观很高级，灰色很好看，京东很给力，货真价实，满意
49,Apple MacBook Pro 13.3英寸笔记本电脑 银色（2017款Multi-Touch Bar/Core i5/8GB/512GB MPXY2CH/A）,2017-12-13 23:31:03,嗯嗯，值得买！！！深度办公谈不上，软件设计编程也谈不上，发挥便携和颜值担当作用就好啦！跟手里老老年的本子比起来，厚度减了一倍左右，面积少一圈，重量轻不少，可惜没了信仰灯，更郁闷是啥啥端口都改type-c，想连接得买转接头
50,Apple MacBook Pro 13.3英寸笔记本电脑 银色（2017款Multi-Touch Bar/Core i5/8GB/512GB MPXY2CH/A）,2018-07-19 07:50:38,"618秒杀来的，颜色真好看，价格也很合理，第一次手残党秒来的，感觉很有成就感！
键盘什么很方便，非常喜欢！"
51,Apple MacBook Pro 13.3英寸笔记本电脑 银色（2017款Multi-Touch Bar/Core i5/8GB/512GB MPXY2CH/A）,2018-07-20 15:25:26,笔记本很棒，速度顺畅，期待更好发现，很理想的又一次京东购物，非常喜欢&hellip;
52,Apple MacBook Pro 13.3英寸笔记本电脑 银色（2017款Multi-Touch Bar/Core i5/8GB/512GB MPXY2CH/A）,2018-07-21 11:03:09,京尊达的小哥穿的好正式，这么热的天儿，辛苦啦！看了很久终于下手了，第一次用苹果笔记本，好期待！包装超好。
53,Apple MacBook Pro 13.3英寸笔记本电脑 银色（2017款Multi-Touch Bar/Core i5/8GB/512GB MPXY2CH/A）,2018-07-16 09:06:00,刚到手，感觉还不错，目前没有问题???
54,Apple MacBook Pro 13.3英寸笔记本电脑 银色（2017款Multi-Touch Bar/Core i5/8GB/512GB MPXY2CH/A）,2018-07-18 09:05:01,刚买了一天，用起来还是不喜欢慢慢适应，我刚买完，第二天就就降价810元，然后申请了价格保护，然后退了810元，京东服务还是相当不错的。
55,Apple MacBook Pro 13.3英寸笔记本电脑 银色（2017款Multi-Touch Bar/Core i5/8GB/512GB MPXY2CH/A）,2018-07-19 21:34:46,macbookpro还是不错的
56,Apple MacBook Pro 13.3英寸笔记本电脑 银色（2017款Multi-Touch Bar/Core i5/8GB/512GB MPXY2CH/A）,2018-07-19 07:33:29,酷炫，颜值满分，特别喜欢。
57,Apple MacBook Pro 13.3英寸笔记本电脑 银色（2017款Multi-Touch Bar/Core i5/8GB/512GB MPXY2CH/A）,2018-07-19 17:57:10,第一次用苹果电脑，工艺不错，系统比Windows有优势。
58,Apple MacBook Pro 13.3英寸笔记本电脑 银色（2017款Multi-Touch Bar/Core i5/8GB/512GB MPXY2CH/A）,2018-07-20 21:57:35,很好，颜色很漂亮，速度也很快，第一次用苹果，感觉不错，就是软件少了
59,Apple MacBook Pro 13.3英寸笔记本电脑 银色（2017款Multi-Touch Bar/Core i5/8GB/512GB MPXY2CH/A）,2018-07-22 17:55:31,机型性能杠杠的，送给我兄弟，我兄弟很喜欢！
60,Apple MacBook Pro 13.3英寸笔记本电脑 银色（2017款Multi-Touch Bar/Core i5/8GB/512GB MPXY2CH/A）,2018-07-22 10:23:02,京东速度钢钢滴，晚上下单，第二天上班已到办公室门口。
61,Apple MacBook Pro 13.3英寸笔记本电脑 银色（2017款Multi-Touch Bar/Core i5/8GB/512GB MPXY2CH/A）,2018-07-22 17:08:27,还可以，用就好在来。评论吧。
62,Apple MacBook Pro 13.3英寸笔记本电脑 银色（2017款Multi-Touch Bar/Core i5/8GB/512GB MPXY2CH/A）,2018-07-21 22:24:27,用了一个多月了，简单说下感受和使用情况，网上说的情况有，唤醒的时候花屏出现过两次，都是休眠时间过长才会出现的，使用atom卡死过一会，但是不死机。试用非常顺手，系统确实好用，不爱出小毛病，这个是windows系统不能比的，给人的感觉非常好，虽然配置不好，这应该就是系统的优势吧！已经习惯没有鼠标了。还有一个最大的缺点，就是贵，但值得！
63,Apple MacBook Pro 13.3英寸笔记本电脑 银色（2017款Multi-Touch Bar/Core i5/8GB/512GB MPXY2CH/A）,2018-03-13 22:55:09,没有什么别的乱七八糟的问题，质量还是挺好的，而且客服会确认你是否正常收货，因为这个属于贵重物品。比较适合办公用，不太适合打游戏，还是有一些发热的，笔记本非常的轻薄，背起来一点儿不成，而且续航也挺好的，如果成办公写代码用的话，基本上可以撑一天，不用充电，充电器也非常的轻，相比windows本，不过这一款的苹果logo就不再亮了，没有led灯
64,Apple MacBook Pro 13.3英寸笔记本电脑 银色（2017款Multi-Touch Bar/Core i5/8GB/512GB MPXY2CH/A）,2018-07-21 09:21:47,送给朋友的礼物！高大上！
65,Apple MacBook Pro 13.3英寸笔记本电脑 银色（2017款Multi-Touch Bar/Core i5/8GB/512GB MPXY2CH/A）,2018-07-19 22:45:26,很好，第一次买苹果电脑，给孩子上大学的礼物。孩子说不错，具体功能使用慢慢体会。
66,Apple MacBook Pro 13.3英寸笔记本电脑 银色（2017款Multi-Touch Bar/Core i5/8GB/512GB MPXY2CH/A）,2018-07-21 09:33:51,并没有制服白手套小哥送快递，包装也没有那么多层，不过也无妨。感觉还挺好的，屏幕无敌，触控板很舒服，不送鼠标真的有些可惜，毕竟鼠标还是挺贵的。还是个学生，不玩游戏，只是用来做兼 职工作和娱乐，不得不说画质比air好很多，不过发烫比较严重，不知道大家有没有这种情况。如果预算可以，推荐买pro
67,Apple MacBook Pro 13.3英寸笔记本电脑 银色（2017款Multi-Touch Bar/Core i5/8GB/512GB MPXY2CH/A）,2018-07-03 12:35:42,最后还是买了，老的该退休了。
68,Apple MacBook Pro 13.3英寸笔记本电脑 银色（2017款Multi-Touch Bar/Core i5/8GB/512GB MPXY2CH/A）,2017-11-06 15:34:52,非常不错，性价比很好，9288到手
69,Apple MacBook Pro 13.3英寸笔记本电脑 银色（2017款Multi-Touch Bar/Core i5/8GB/512GB MPXY2CH/A）,2018-07-19 07:21:44,物流很快，正品品质，我为京东点赞！
70,Apple MacBook Pro 13.3英寸笔记本电脑 银色（2017款Multi-Touch Bar/Core i5/8GB/512GB MPXY2CH/A）,2018-07-20 12:52:45,京东的确不错，很好，值得信任
71,Apple MacBook Pro 13.3英寸笔记本电脑 银色（2017款Multi-Touch Bar/Core i5/8GB/512GB MPXY2CH/A）,2018-07-20 07:43:54,"第一次看见小轿车单独派送的，很惊讶！
说到电脑，非常非常好用了，颜值爆炸高，贵有贵的道理，有什么不懂的可以打电话给apple care，超级方便。"
72,Apple MacBook Pro 13.3英寸笔记本电脑 银色（2017款Multi-Touch Bar/Core i5/8GB/512GB MPXY2CH/A）,2018-07-19 16:11:47,用了这么久来回答，首先，东西是正品，还是专员送货，可当场验货。其次，千万不要随便升级系统，不然，不知道会出现什么毛病，我的就是因为在App Store升级了10.13.6，导致开机待机一会就严重会发热，合上盖子后，再次从包里拿出来，都烫手。没事千万不要升级系统。
73,Apple MacBook Pro 13.3英寸笔记本电脑 银色（2017款Multi-Touch Bar/Core i5/8GB/512GB MPXY2CH/A）,2018-07-15 20:01:38,非常好用。个人电脑还是要看apple，系统稳定，用起来速度飞快，省心。除了价格，其他一切都完美。
74,Apple MacBook Pro 13.3英寸笔记本电脑 银色（2017款Multi-Touch Bar/Core i5/8GB/512GB MPXY2CH/A）,2018-07-20 16:35:52,特别好用 非常灵敏 京尊达服务到位 送到公司来了 第一次用京尊达 带着手套拆包裹贼专业
75,Apple MacBook Pro 13.3英寸笔记本电脑 银色（2017款Multi-Touch Bar/Core i5/8GB/512GB MPXY2CH/A）,2018-07-18 20:17:58,音效确实好，耳朵听怀孕了。毫无挑剔，所有东西都挺好。各种功能有待于慢慢探索。
76,Apple MacBook Pro 13.3英寸笔记本电脑 银色（2017款Multi-Touch Bar/Core i5/8GB/512GB MPXY2CH/A）,2018-07-22 10:45:58,只能说没用过苹果电脑，打开电脑，漂亮，非常适合外貌协会的朋友，呵呵，非常值得购买，苹果系统比较稳定，流畅，不喜欢反应迟钝的手机或电脑，英明的决定&hellip;&hellip;朋友说的也就心一狠，就剁了手&hellip;&hellip;
77,Apple MacBook Pro 13.3英寸笔记本电脑 银色（2017款Multi-Touch Bar/Core i5/8GB/512GB MPXY2CH/A）,2018-07-20 15:36:02,很好用虽然以前用惯了Windows系统，但现在喜欢上了OS系统
78,Apple MacBook Pro 13.3英寸笔记本电脑 银色（2017款Multi-Touch Bar/Core i5/8GB/512GB MPXY2CH/A）,2018-07-19 22:29:59,拿到了之后真的很惊讶，感觉没有辜负。很好用哦 ，感觉很方便。
79,Apple MacBook Pro 13.3英寸笔记本电脑 银色（2017款Multi-Touch Bar/Core i5/8GB/512GB MPXY2CH/A）,2017-10-25 10:48:21,除了电池有点不够用、其它都不错！
80,Apple MacBook Pro 13.3英寸笔记本电脑 银色（2017款Multi-Touch Bar/Core i5/8GB/512GB MPXY2CH/A）,2017-08-24 09:26:19,用来开发很好
81,Apple MacBook Pro 13.3英寸笔记本电脑 银色（2017款Multi-Touch Bar/Core i5/8GB/512GB MPXY2CH/A）,2018-07-03 19:01:55,购买过程很曲折，六月二十七号拿到货但是电脑发烫很严重，活动监视器打不开，反馈之后换了新机，保修时间有异常，最后又改过来了，活动监视器还是打不开，还有有大神指导，现在可以正常使用。总之购买的整个过程让人很心塞，应该是正品新机，具体好不好用，用一段时间再来追评~
82,Apple MacBook Pro 13.3英寸笔记本电脑 银色（2017款Multi-Touch Bar/Core i5/8GB/512GB MPXY2CH/A）,2018-07-19 22:27:25,很赞！非常喜欢！物流也很快！苹果电脑的品质确实好呀！
83,Apple MacBook Pro 13.3英寸笔记本电脑 银色（2017款Multi-Touch Bar/Core i5/8GB/512GB MPXY2CH/A）,2018-07-22 18:27:19,之前计划买小米游戏本顶配8999，对比了MacBook Pro 最低配京东卖9288，小米刚开始做笔记本，苹果做了很多年了，而且苹果的外观真的是特别耐看，最后还是选了苹果。
84,Apple MacBook Pro 13.3英寸笔记本电脑 银色（2017款Multi-Touch Bar/Core i5/8GB/512GB MPXY2CH/A）,2018-07-20 23:57:00,还在测试 自动收货了哈? 。京东自营值得信赖 。没有大问题、不过桌面上的文件在第一关机重开的时候消失了了 之后没出过问题。不错 颜值很高！
85,Apple MacBook Pro 13.3英寸笔记本电脑 银色（2017款Multi-Touch Bar/Core i5/8GB/512GB MPXY2CH/A）,2018-07-21 00:10:49,小巧精致，携带方便。外出的时候比带15寸的省劲，也能装设计软件。也能炒币。速度也可以。 视频与照片就不拍了，毕竟商品信息里拍的更专业。
86,Apple MacBook Pro 13.3英寸笔记本电脑 银色（2017款Multi-Touch Bar/Core i5/8GB/512GB MPXY2CH/A）,2018-07-19 18:36:01,物流很快，包装好，非常满意！
87,Apple MacBook Pro 13.3英寸笔记本电脑 银色（2017款Multi-Touch Bar/Core i5/8GB/512GB MPXY2CH/A）,2018-07-20 16:16:54,此用户未填写评价内容
88,Apple MacBook Pro 13.3英寸笔记本电脑 银色（2017款Multi-Touch Bar/Core i5/8GB/512GB MPXY2CH/A）,2018-03-08 18:04:15,前几天还在纠结是买13还是买15寸，现在发现13分是完全合适的，15分太大，不方便携带15分应用于哪些特别专业的场合
89,Apple MacBook Pro 13.3英寸笔记本电脑 银色（2017款Multi-Touch Bar/Core i5/8GB/512GB MPXY2CH/A）,2018-07-22 23:50:46,东西不错，系统不习惯，适应要很长一段时间了。系统很多坑啊，到处都要钱，怪不得苹果这么赚钱。要花钱的全不要
90,Apple MacBook Pro 13.3英寸笔记本电脑 银色（2017款Multi-Touch Bar/Core i5/8GB/512GB MPXY2CH/A）,2018-07-21 21:01:56,体验过了，不喜欢这个键盘，似有似无的，手感不好。别的都挺好，屏幕满分，系统满分，偶尔崩溃，发热厉害。
91,Apple MacBook Pro 13.3英寸笔记本电脑 银色（2017款Multi-Touch Bar/Core i5/8GB/512GB MPXY2CH/A）,2018-07-19 09:17:23,收到以后用了一个月才来评价的，手感、质感都很好，平时作图用，反应速度很快，正好降价的时候买的，感觉自己赚了
92,Apple MacBook Pro 13.3英寸笔记本电脑 银色（2017款Multi-Touch Bar/Core i5/8GB/512GB MPXY2CH/A）,2018-07-19 17:01:42,买的时候没有银色的，就买了深空色。结果没过两天搞活动，只有银色的降了一千多，好后悔，买的时候谨慎些就好了。
93,Apple MacBook Pro 13.3英寸笔记本电脑 银色（2017款Multi-Touch Bar/Core i5/8GB/512GB MPXY2CH/A）,2018-07-22 10:29:34,公司买的，不知道好不好，公司非让用，公司买的，不知道好不好，公司非让用，公司买的，不知道好不好，公司非让用！
94,Apple MacBook Pro 13.3英寸笔记本电脑 银色（2017款Multi-Touch Bar/Core i5/8GB/512GB MPXY2CH/A）,2018-07-21 00:48:08,一直信任京东，东西有保障，特别是物流和售后值得表扬。系统我点用不惯慢慢摸索吧，好评
95,Apple MacBook Pro 13.3英寸笔记本电脑 银色（2017款Multi-Touch Bar/Core i5/8GB/512GB MPXY2CH/A）,2018-07-21 19:16:22,你知道多少钱吗？所以质量就不用说了，我说优惠了500你们信吗，嘿嘿，京东真是快
96,Apple MacBook Pro 13.3英寸笔记本电脑 银色（2017款Multi-Touch Bar/Core i5/8GB/512GB MPXY2CH/A）,2018-07-21 05:07:07,质量很好，颜色很喜欢，包装完整，很喜欢，主要是不用自己花钱买，一直关住很久了
97,Apple MacBook Pro 13.3英寸笔记本电脑 银色（2017款Multi-Touch Bar/Core i5/8GB/512GB MPXY2CH/A）,2018-07-19 07:46:03,纠结了好久有没有新款，刚买了一个月就出了，再考虑换新款，有没~，还没用过
98,Apple MacBook Pro 13.3英寸笔记本电脑 银色（2017款Multi-Touch Bar/Core i5/8GB/512GB MPXY2CH/A）,2018-07-19 22:50:15,刚收到货，等待使用后在继续评论，外包装有些破损不过里面包装完好，值得欣慰。
99,Apple MacBook Pro 13.3英寸笔记本电脑 银色（2017款Multi-Touch Bar/Core i5/8GB/512GB MPXY2CH/A）,2018-07-21 09:36:29,非常好，用了一个星期了，没问题，AppleCare也是按激活当天算的
100,Apple MacBook Pro 13.3英寸笔记本电脑 银色（2017款Multi-Touch Bar/Core i5/8GB/512GB MPXY2CH/A）,2018-07-22 21:20:18,"高颜值，手感很好，运行快，男生女生都适合！
京东快递就是赞??"
101,Apple MacBook Pro 13.3英寸笔记本电脑 银色（2017款Multi-Touch Bar/Core i5/8GB/512GB MPXY2CH/A）,2018-07-19 09:01:45,没什么好说的，买的都知道，除了官网自营是最佳选择，还在路上就又降价了，联系客服保价成功
102,Apple MacBook Pro 13.3英寸笔记本电脑 银色（2017款Multi-Touch Bar/Core i5/8GB/512GB MPXY2CH/A）,2018-07-18 21:39:19,其实还是很不错的，第一台Mac，现在还不大会用，京东一直是我的首选
103,Apple MacBook Pro 13.3英寸笔记本电脑 银色（2017款Multi-Touch Bar/Core i5/8GB/512GB MPXY2CH/A）,2018-07-21 21:52:08,很不错 也是下了很大的决心才买的 第一次从网上买这么贵的东西 希望不要辜负了我的期望
104,Apple MacBook Pro 13.3英寸笔记本电脑 银色（2017款Multi-Touch Bar/Core i5/8GB/512GB MPXY2CH/A）,2018-07-19 07:32:25,很好很喜欢
105,Apple MacBook Pro 13.3英寸笔记本电脑 银色（2017款Multi-Touch Bar/Core i5/8GB/512GB MPXY2CH/A）,2018-07-21 16:50:54,不错，很好。用起来高大上。用于开发，性价比很高，值得推荐！
106,Apple MacBook Pro 13.3英寸笔记本电脑 银色（2017款Multi-Touch Bar/Core i5/8GB/512GB MPXY2CH/A）,2018-07-21 16:02:48,还可以，反应挺灵敏的，还在逐渐摸索中。希望可以多坚持几年。
107,Apple MacBook Pro 13.3英寸笔记本电脑 银色（2017款Multi-Touch Bar/Core i5/8GB/512GB MPXY2CH/A）,2018-07-19 23:40:01,到目前为止没有发现问题 送货速度快 自提态度好 京东618
108,Apple MacBook Pro 13.3英寸笔记本电脑 银色（2017款Multi-Touch Bar/Core i5/8GB/512GB MPXY2CH/A）,2018-07-22 08:51:22,产品非常好，我非常喜欢，下次还会再买。京东购物就是放心。
109,Apple MacBook Pro 13.3英寸笔记本电脑 银色（2017款Multi-Touch Bar/Core i5/8GB/512GB MPXY2CH/A）,2018-07-22 14:11:57,用了一个月来评价的正品，比之前电脑快多了，连接centos更加便捷点赞棒棒的
110,Apple MacBook Pro 13.3英寸笔记本电脑 银色（2017款Multi-Touch Bar/Core i5/8GB/512GB MPXY2CH/A）,2018-07-22 14:59:44,很棒，很赞很不错，物流很快，客服态度很棒，很满意的一次购物，京东值得信赖。
111,Apple MacBook Pro 13.3英寸笔记本电脑 银色（2017款Multi-Touch Bar/Core i5/8GB/512GB MPXY2CH/A）,2018-07-19 23:02:57,很喜欢，特别惊艳，还在摸索功能，希望能越用越满意。
112,Apple MacBook Pro 13.3英寸笔记本电脑 银色（2017款Multi-Touch Bar/Core i5/8GB/512GB MPXY2CH/A）,2018-07-19 00:16:13,不戳，可以，价格也合适，6嗯好能再便宜点更好?
113,Apple MacBook Pro 13.3英寸笔记本电脑 银色（2017款Multi-Touch Bar/Core i5/8GB/512GB MPXY2CH/A）,2018-07-21 12:36:48,快递没有想象中的那么快，包装也比较让人不舒服，但还是不错的没有损坏
114,Apple MacBook Pro 13.3英寸笔记本电脑 银色（2017款Multi-Touch Bar/Core i5/8GB/512GB MPXY2CH/A）,2018-07-19 09:54:00,送货很及时，还没来得及拆开使用，应该不错吧?
115,Apple MacBook Pro 13.3英寸笔记本电脑 银色（2017款Multi-Touch Bar/Core i5/8GB/512GB MPXY2CH/A）,2018-07-19 16:07:55,品牌日下单没有纠结什么18款也不不上喜欢就好
116,Apple MacBook Pro 13.3英寸笔记本电脑 银色（2017款Multi-Touch Bar/Core i5/8GB/512GB MPXY2CH/A）,2018-07-18 22:17:01,帮老公买的，反馈说开机顺畅，超薄 颜值高、就是办公软件用着不顺手
117,Apple MacBook Pro 13.3英寸笔记本电脑 银色（2017款Multi-Touch Bar/Core i5/8GB/512GB MPXY2CH/A）,2018-07-21 10:35:08,"还行
不过买了马上新版发售
心里有一种忧伤"
118,Apple MacBook Pro 13.3英寸笔记本电脑 银色（2017款Multi-Touch Bar/Core i5/8GB/512GB MPXY2CH/A）,2018-07-21 09:55:09,本子大小合适，性能很好，喜欢这个颜色的本子
119,Apple MacBook Pro 13.3英寸笔记本电脑 银色（2017款Multi-Touch Bar/Core i5/8GB/512GB MPXY2CH/A）,2018-07-21 13:42:17,收到了，送货的很帅也很专业，媳妇超级喜欢
