",",商品,全名,",",用户,评论,时间,",",用户,评论,内容
0,",",Apple, ,MacBook, ,Pro, ,13.3,英寸,笔记本电脑, ,银色,（,2017,款,Multi,-,Touch, ,Bar,/,Core, ,i5,/,8GB,/,512GB, ,MPXY2CH,/,A,）,",",2017,-,11,-,25, ,18,:,25,:,40,",",没话说,，,小伙伴,双,11,前,在,某,B, ,买,的,，,我,双,11,京东,下,的,单,，,只,比,他,贵,几百,，,但是,我,比,他,多,了,一个,京东,的,售后,支撑,，,至少,我,心里,是,放心,的,，,另外,第一次,体验,京尊达,&,hellip,;,好像,真的,是,专车,，,因为,送货,的,小哥,是,正装白,手套,，,哈哈,，,让,我,虚荣心,得到,了,满足,，,每个,电商,都,有,或多或少,的,毛病,，,反正,我,相信,京东,，,确实,不行,还有,京东,售后,嘛,，,退,呗,，,换,呗,，,最后,一点,希望,京东,不要,放弃,老客户,，,不要,一门心思,的,发展,plus,会员,了,，,我们,这些,老客户,给,你,的,支持,不必,买,你,一个,会员,少,吧
1,",",Apple, ,MacBook, ,Pro, ,13.3,英寸,笔记本电脑, ,银色,（,2017,款,Multi,-,Touch, ,Bar,/,Core, ,i5,/,8GB,/,512GB, ,MPXY2CH,/,A,）,",",2017,-,12,-,07, ,00,:,45,:,30,",",完全,被,它,的,颜值,征服,了,，,特意,用,相机,拍,了,一组,照片,，,对于,喜欢,摄影,的,我,来说,，,单反,一直,是,我,的,小老婆,，,现在,MacBook, ,pro,是,我,的,小,小老婆,了,，,拍照,前期,是,谱曲,后期,是,演奏,，,一定,要,有,一个,好,的,后期,输出设备,，,Retina,屏,简直,惊艳,到,爆,。,之前,看,大家,都,在,评论,说,触控板,很,好,用,，,没,亲自,体验,之前,觉得,大家,在,夸大其词,，,现在,简直,爱上,这块,超大,触控板,了,，,单手操作,的,效率,可以,媲美,触控屏,，,可以,完全,抛弃,鼠标,。,第一次,开机,的,时候,默认,桌面壁纸,和,店铺,首页,图片,还有,大家,晒单,的,照片,壁纸,不,一样,，,检查,了,序列号,是,没,问题,的,，,电池,循环,次数,1,，,我,猜,应该,是,后来,新,生产,的,机器,都,是,这个,壁纸,吧,，,不,知道,大家,有没有,和,我,一样,的,。,最后,，,花,了,很多,钱,买,了,一个,电子产品,，,贵,肯定,是,有,贵,的,道理,，,能用,它,创造,出,价值,来,就是,值得,的,。
2,",",Apple, ,MacBook, ,Pro, ,13.3,英寸,笔记本电脑, ,银色,（,2017,款,Multi,-,Touch, ,Bar,/,Core, ,i5,/,8GB,/,512GB, ,MPXY2CH,/,A,）,",",2017,-,12,-,16, ,17,:,09,:,42,",",东西,非常,不错,，,很,喜欢,，,加上,之前,在,京东,买,的,鼠标,耳机,，,棒棒,哒,，,12.13,立即,下手,免息,购买,，,非常,棒,，,虽然,中间,有些,小,插曲,，,但是,还是,很,好,的,，,第一次,用,mac,，,感觉,太爽了,，,跟,windows,不是,一个,级别,的,，,哈哈
3,",",Apple, ,MacBook, ,Pro, ,13.3,英寸,笔记本电脑, ,银色,（,2017,款,Multi,-,Touch, ,Bar,/,Core, ,i5,/,8GB,/,512GB, ,MPXY2CH,/,A,）,",",2017,-,11,-,15, ,14,:,06,:,41,",",对比,了,很,久,，,也,去,实体店,体验,了,，,本着,买,新,不,买,旧,的,原则,，,就,买,了,这,一款,。,13,的,屏幕,的确,刚刚,好,，,256G,也,刚刚,好,，,有着,touch, ,bar,也,是,刚刚,好
4,",",Apple, ,MacBook, ,Pro, ,13.3,英寸,笔记本电脑, ,银色,（,2017,款,Multi,-,Touch, ,Bar,/,Core, ,i5,/,8GB,/,512GB, ,MPXY2CH,/,A,）,",",2017,-,11,-,04, ,10,:,58,:,38,",",很,不错,吧,，,但是,还是,建议,大家,买,256g,的,，,不然,你,一定,会,后悔,的,！,！,！,正面,的,都,有,啦,，,给,大家,看看,侧面,。,急换,电脑,的,同学,不,建议,你们,购买,，,因为,适应期,真的,很长,。,大家,可以,装,一个,虚拟机,，,这样,双系统,起来,比较稳定,，,当然,我,舍友,的,电脑,还是,崩,了,一次,。,。,。,保佑,大家,有,好运,吧,，,我,现在,是,老,电脑,微软,和,这架,一起,使用,，,哎,，,真的,别,虚荣,，,真的,别当,颜狗,。,选择,适合,自己,的,低价,的,可能,一时,不爽,，,但是,追求,一些,不,适合,自己,的,东西,可能,会,长期,不爽,。,别,喷,，,真心话,。,。,。,。
5,",",Apple, ,MacBook, ,Pro, ,13.3,英寸,笔记本电脑, ,银色,（,2017,款,Multi,-,Touch, ,Bar,/,Core, ,i5,/,8GB,/,512GB, ,MPXY2CH,/,A,）,",",2018,-,02,-,12, ,02,:,00,:,32,",",2012,年,在,京东,买,了,第一台,联想,笔记本电脑,，,Y480, , ,6K,多,，,用,了,6,年,了,，,还是,杠杠,的,，,现在,放在,自己,办公室,当做,台式机,用,！,现在,一直,使用,苹果,产品,！,真心,觉得,不错,！,从,最初,到,现在,以及,未来,以后,！,苹果,系统,真是,杠杠,的,！,最初,iPhone,也,是,4S,～,iPhoneX,现在,，,一直,在,京东,购买,！,京东,真心,不错,！,使用,京东,6,年,的,时间,+,过程,，,一直,在,体验,，,从,最小,做到,现在,规模,怎么,大,！,希望,越来越,好,！
6,",",Apple, ,MacBook, ,Pro, ,13.3,英寸,笔记本电脑, ,银色,（,2017,款,Multi,-,Touch, ,Bar,/,Core, ,i5,/,8GB,/,512GB, ,MPXY2CH,/,A,）,",",2018,-,05,-,02, ,14,:,34,:,58,",",首先,要赞,一个,快递,服务,，,我,本来,选,的,是,最晚,的,京准,达,，,结果,回到,家,还是,很晚,了,，,后来,快递,小哥,在,晚上,九点,多,的,时候,又,跑,了,一次,，,态度,很,好,。,其次,，,很久以前,就,想,买,苹果,的,笔记本,了,，,但是,一直,以来,都,觉得,比较,#,，,而且,非常,贵,，,现在,因为,工作,上,的,原因,，,我会,用到,笔记本,，,所以,一,咬牙,买,了,，,拿到,手,就是,惊艳,，,太,艺术品,了,，,系统,很,流畅,，,安装,了,office,后,，,基本上,除了,不能,玩游戏,剩下,的,都,可以,，,玩游戏,的话,我,自己,组装,的,大,台式,吃,鸡,完全,不在话下,，,不用,安装,双系统,，,触控板,很棒,，,基本,告别,鼠标,了,，,值不值,不说,，,光,就,产品,来说,很,满意
7,",",Apple, ,MacBook, ,Pro, ,13.3,英寸,笔记本电脑, ,银色,（,2017,款,Multi,-,Touch, ,Bar,/,Core, ,i5,/,8GB,/,512GB, ,MPXY2CH,/,A,）,",",2018,-,04,-,30, ,20,:,43,:,06,",","""",在,京东,买,成,钻石,了,已经,，,这次,真,都,想,给,个,零星,。
第一次,的,本,出现,了,花屏,（,看,视频,/,开盖,）,，,当时,由于,手头,工作,较,忙,在,单位,用,win,机器,做,开发,，,使用,该,mac,的,频率,很,低,，,确认,花屏,的,时候,已经,到,了,购买,后,第,15,天,，,致电,京东,告知,我,要么,返回,京东,做,7,-,15,天,检测,，,要么,去,本地,苹果,售后,做,检测,，,由于,就要,出差,外地,正是,用本,的,时候,，,就,在,本地,售后,做,的,检测,，,坐标,石家庄,东方,大厦,，,这是,一家,Apple, ,Premium,（,比较,优质,）,的,售后,，,拿,去,检测,一天,答,曰,一切正常,，,没,办法,只好,返回,京东,检测,，,好,在,一周,左右,后,给,我,换,了,。
担心,的,还是,发生,了,，,如果说,第一次,是,小,概率,事件,，,是,我,中奖,，,那么,第二次,真的,无法,接受,，,底面,拆机,接缝处,的,小,痕迹,，,左侧,印象,细微,的,磕痕,我,都,可以,说服,自己,这是,无所谓,的,事,，,但是,使用,一个半,小时,死机,什么,鬼,？,（,只,打开,chrome,的,情况,下,）,，,第二天,F11,（,音量,减小,键,）,连击,，,看,视频,中,自动,静音,，,自动,最大,音,什么,鬼,？
基于,此,我,申请,了,退货,，,但,京东,的,几个,客服,反复,以,强硬,的,态度,告诉,我,依然,两个,选择,，,要么,去,售后,检测,，,要么,返回,京东,7,-,15,天,的,检测,。
至此,距,我,第一次,购买,已经,一个月,了,，,耽误时间,的,什么,就,不,说,了,，,真是,被,这事,恶心,到,了,。
是,的,，,京东,是,大厂,，,就,给,你,发,次品,你,能,咋,地,，,都,是,间歇性,都,奇,""""
8,",",Apple, ,MacBook, ,Pro, ,13.3,英寸,笔记本电脑, ,银色,（,2017,款,Multi,-,Touch, ,Bar,/,Core, ,i5,/,8GB,/,512GB, ,MPXY2CH,/,A,）,",",2017,-,11,-,07, ,14,:,21,:,47,",",这是,一次,不得已,的,升级,，,所,获得,的,体验,也,是,MacBook, ,Pro,中,最底层,的,。,但是,2017,款,MacBook, ,Pro,还是,给,我,带来,了,巨大,的,惊喜,，,一方面,延续,了,固有,的,优秀,试用,体验,，,另一方面,在,屏幕,、,触控板,上,的,提升,是,能够,让,你,愿意,彻底,抛弃,原有,的,设备,的,。,也,有,一些,方面,的,改变,，,比如,键盘,、,接口,，,需要,适应,。
9,",",Apple, ,MacBook, ,Pro, ,13.3,英寸,笔记本电脑, ,银色,（,2017,款,Multi,-,Touch, ,Bar,/,Core, ,i5,/,8GB,/,512GB, ,MPXY2CH,/,A,）,",",2018,-,03,-,17, ,19,:,46,:,55,",",设计,必备,，,看,了,很,久,才,下决心,在,京东,买,，,目前,检测,没有,毛病,，,没有,七天,无,理由,退货,是,有,原因,的,，,是,保证,你,不会,拿到,拆过,的,机器,，,如果,买到,有,问题,的,机器,也,没,办法,。,但是,苹果,的,良品率,很,高,，,一般,不会,有,问题,。,比,~,便宜,一千五,左右,，,整体,体验,比较满意,，,用,一段时间,再来,追评,。,拆,包装,还是,挺,激动,的,。
10,",",Apple, ,MacBook, ,Pro, ,13.3,英寸,笔记本电脑, ,银色,（,2017,款,Multi,-,Touch, ,Bar,/,Core, ,i5,/,8GB,/,512GB, ,MPXY2CH,/,A,）,",",2018,-,01,-,21, ,20,:,08,:,29,",",电脑,非常,喜欢,，,我,觉得,深灰色,的,颜色,非常适合,小女生,啊,，,哈哈,！,很酷,很酷,！,关键,是,小,哥哥,开车,穿,西装,，,打领带,，,白,手套,送货上门,的,哦,！,不错,不错,！,非常,不错,啦,！
11,",",Apple, ,MacBook, ,Pro, ,13.3,英寸,笔记本电脑, ,银色,（,2017,款,Multi,-,Touch, ,Bar,/,Core, ,i5,/,8GB,/,512GB, ,MPXY2CH,/,A,）,",",2018,-,04,-,26, ,00,:,29,:,20,",",帮别人,下,的,单,，,经典,版,MacBook, ,pro,，,没得,话,说,，,性价比,之王,。,性能,外观,各,方面,完全,满意,，,至今,没,听到,朋友,说,有,什么,问题,。,反正,对于,apple,，,基本,没有,什么,疑虑,，,它贵,有,它,贵,的,道理,。,没,照片,，,就,放,几个,自己,最近,买,的,magicbook,照片,好,了
12,",",Apple, ,MacBook, ,Pro, ,13.3,英寸,笔记本电脑, ,银色,（,2017,款,Multi,-,Touch, ,Bar,/,Core, ,i5,/,8GB,/,512GB, ,MPXY2CH,/,A,）,",",2018,-,07,-,15, ,20,:,43,:,28,",",本子,买,在,618,以后,，,特意,用,了,一段时间,才,来,评价,，,说,一下,个人,感受,吧,。,设计,行业,从业者,，,一直,想买个,轻薄,本,，,汇报,方案,、,简单,调调,图,、,可以,看,平面图,就够,了,，,要求,很,简单,。,为什么,最后,选,了,它,，,也,很,简单,～,逼格,和,系统,，,简单,省心,。,买,之前,也,纠结,过要,不要,等等,新款,，,后来,想想,自己,的,用途,，,性能,高低,对,我,没什么,意义,也,就,释然,了,。,裸机,一枚,，,没,贴膜,没,包壳,，,就,一个,送,的,内胆,，,公文包,一放,完事,。,最后,说,一下,，,京东,快递,很,好,，,快递,小哥,很赞,！
13,",",Apple, ,MacBook, ,Pro, ,13.3,英寸,笔记本电脑, ,银色,（,2017,款,Multi,-,Touch, ,Bar,/,Core, ,i5,/,8GB,/,512GB, ,MPXY2CH,/,A,）,",",2017,-,11,-,04, ,21,:,20,:,52,",",第一次,买,这么,贵,的,电脑, ,但是,还是,物超所值,的, ,感觉,还是,macos,系统,好用, ,那些,玩游戏,的, ,劝,你,还是,买,Windows,系统,吧
14,",",Apple, ,MacBook, ,Pro, ,13.3,英寸,笔记本电脑, ,银色,（,2017,款,Multi,-,Touch, ,Bar,/,Core, ,i5,/,8GB,/,512GB, ,MPXY2CH,/,A,）,",",2018,-,07,-,20, ,09,:,32,:,48,",",以前,没,注意,京准,达,服务,，,买,这个,下单,时候,，,还,必须,要,我,选,送货,时间,，,遂,生厌,。,早上,8.30,分刚,把,衣服,穿,上,，,电话,就,来,了,，,可能,我离,大库,进,吧,，,小哥,一口,服务,腔,远,比,之前,三轮,小哥,更,专业,，,到,了,一看,，,小哥,开,一辆,黑色,喷有,京东,logo,的,帝豪,，,着实,让,人,惊讶,不已,，,心下,暗道,：,京东,这么,牛,了,现在,？,！,毕竟,平时,都,开,蹦蹦,。,上前,表明,身份,，,小哥,打开,后备箱,，,一摞,儿,黑红,相间,的,盒子,显现出来,，,最,上面,的,盒子,同样,印有,京东,logo,。,只见,小哥,顺手,拿,了,最,上面,盒子,问道,：,是否,打开,验货,？,答,：,不必,了,。,小哥,仍,四下,展示,示意,包装,完好,，,并,道,：,如,有,破损,仍,可,联系,云云,。,收起,盒子,向,家中,走,去,，,途经,一早,食店,，,稍作,停留,并,吃,了,两个,包子,，,一个,茶叶蛋,，,还有,一碗,稀饭,。,酒足饭饱,，,扫,了,店家,二维码,结账,，,不敢,耽搁,，,便,继续,向,家中,疾行,，,不消,片刻,既,至,家中,。,急急,打开,盒子,，,只见,黑盒子,封口处,有,京东,奢侈品,封签,，,撕掉,并,拿,去,黑色,盒子,，,里面,仍套,有,稍,小,一圈,的,普通,纸盒,，,继续,打开,，,电脑,的,自带,包装,这才,漏出,庐山真面目,，,不消,多,说,，,打开,包装,，,翻盖,，,未及,按下,电源,按钮,，,屏幕,竟然,直接,亮,了,？,好,在,官网,查询,后,没什么,问题,。,使用,后,感觉,发热,明显,，,续航,不足, ,，,除了,配置,高点,，,屏幕,好点,，,还,不如,15,款,的,air,，,继续,观察,吧
15,",",Apple, ,MacBook, ,Pro, ,13.3,英寸,笔记本电脑, ,银色,（,2017,款,Multi,-,Touch, ,Bar,/,Core, ,i5,/,8GB,/,512GB, ,MPXY2CH,/,A,）,",",2018,-,05,-,25, ,15,:,07,:,05,",",这,是,我,网上,买过,最贵,的,单品,了,，,非常,爱不释手,，,怕划,了,，,还,买,了,一堆,保护措施,，,配,上,保护膜,鼠标,外壳,什么,的,又,花,了,一千,来块,，,再配,个,超级,棒,的,鼠标,，,个人,觉得,这个,鼠标,比,苹果,鼠标,好用,，,希望,我,的,完美,维护,，,几年,后,包膜,撕下来,还,跟,新,的,一样,！,这个,电脑,非常,好用,，,发货,超级,快,，,我,半夜,下,看到,19500,的,单,，,竟然,早上,起来,就,送到,了,！,京东,真是,大神,啊,！
16,",",Apple, ,MacBook, ,Pro, ,13.3,英寸,笔记本电脑, ,银色,（,2017,款,Multi,-,Touch, ,Bar,/,Core, ,i5,/,8GB,/,512GB, ,MPXY2CH,/,A,）,",",2018,-,07,-,19, ,19,:,08,:,54,",",为什么,我,打开,safari,里面,有,这么,多,个人,收藏,的,网页,，,是,新机,系统,自带,的,吗,？,还是,别人,用过,的,。
17,",",Apple, ,MacBook, ,Pro, ,13.3,英寸,笔记本电脑, ,银色,（,2017,款,Multi,-,Touch, ,Bar,/,Core, ,i5,/,8GB,/,512GB, ,MPXY2CH,/,A,）,",",2018,-,03,-,27, ,16,:,10,:,34,",",挺,好,的,，,就是,装,windows, ,系统,有点,热,，,苹果,系统,没,毛病,，,之前,买,了,一台,27,寸,的,一体机,一直,也,用,着
18,",",Apple, ,MacBook, ,Pro, ,13.3,英寸,笔记本电脑, ,银色,（,2017,款,Multi,-,Touch, ,Bar,/,Core, ,i5,/,8GB,/,512GB, ,MPXY2CH,/,A,）,",",2017,-,07,-,23, ,12,:,59,:,15,",",首先,赞,一下,京东,自营,快递,的,速度,真的,很快,，,而且,快递,小哥,态度,非常,好,。,苹果,的,macbook, ,pro,做工,其他,品牌,是,比,不了,的,，,包装,很,简洁,但,保护,很,到位,，,屏幕显示,效果,非常,清晰,色彩,很,舒服,处理,图片,很,是,享受,，,键盘,键程,虽然,很,短,但是,有,清脆,的,手感,我,个人,很,喜欢,这,手感,，,笔记本,的,转轴,阻尼,刚刚,好,单手,可以,轻松,打开,上盖,，,本子,的,散热,效果,很,好,。,最后,要说,的,是,macbook, ,pro13,寸,的,重量,很,轻,非常,合适,经常,需要,移动,办公,的,人,。
19,",",Apple, ,MacBook, ,Pro, ,13.3,英寸,笔记本电脑, ,银色,（,2017,款,Multi,-,Touch, ,Bar,/,Core, ,i5,/,8GB,/,512GB, ,MPXY2CH,/,A,）,",",2017,-,08,-,11, ,22,:,13,:,24,",",原来,买,惠普,新出,的,envy13.3,寸,高配,，,到手,后,发现,屏幕,太小,，,就,决定,加价,换,mac, ,pro,。,*,入手,，,屏幕,很,细腻,，,装,了,双系统,，,win10,下,有时,会,死机,、,比较,烫,、,有些,办公,软件,不,兼容,会,变成,超,小字体,，,外观,很漂亮,，,总之,挺,喜欢,的,，,给,五星,吧,。
20,",",Apple, ,MacBook, ,Pro, ,13.3,英寸,笔记本电脑, ,银色,（,2017,款,Multi,-,Touch, ,Bar,/,Core, ,i5,/,8GB,/,512GB, ,MPXY2CH,/,A,）,",",2018,-,02,-,17, ,22,:,30,:,42,",",看,视频,，,发热,，,其他,还好,！,苹果,外观,确实,很棒,！,发热,有点,讨厌,，,很,热,！,没,试,充满,可以,看,几小时,的,视频,，,后面,追评,！
21,",",Apple, ,MacBook, ,Pro, ,13.3,英寸,笔记本电脑, ,银色,（,2017,款,Multi,-,Touch, ,Bar,/,Core, ,i5,/,8GB,/,512GB, ,MPXY2CH,/,A,）,",",2018,-,02,-,14, ,12,:,52,:,03,",",这次,算是,在,京东,消费,较大,的,一次,了,，,第一次,用,苹果,系统,，,正在,熟悉,中,，,人机,交换,不错,，,u,还弱,了,些,，,没有,独显,，,没有,16g,内存,，,装,adobe2018,启动,还是,要,装载,一会儿,，,最,满意,的,是,触控板,，,只要,熟悉,各种,手势,，,完全,没,必要,买,鼠标,，,bar,用,着,也,不错,，,方便,，,希望,以后,能,让,更,多,的,软件,支持,！,买来,学做,设计,的,，,性能,离,期望值,有点,远,，,要,性能,的话,还是,要,买,工作站,，,颜值,超高,，,装,b,利器,。
22,",",Apple, ,MacBook, ,Pro, ,13.3,英寸,笔记本电脑, ,银色,（,2017,款,Multi,-,Touch, ,Bar,/,Core, ,i5,/,8GB,/,512GB, ,MPXY2CH,/,A,）,",",2017,-,11,-,18, ,21,:,04,:,49,",",下单,前,，,曾,考虑,过,很多,款,笔记本,，,Suface,、,小米,笔记本,、,ThinkPad,&,hellip,;,&,hellip,;,最后,还是,选择,Macbook,！,实物,拿到,手后,，,太,惊艳,了,，,视网膜,屏幕,真的,很,舒服,、,触控板,代替,了,鼠标,使用,、,蝴蝶,键盘,敲击,很,舒服,、,还有,就是,touch, ,bar,、,以及,iCloud,功能,&,hellip,;,&,hellip,;,太多,的,优点,，,唯一,缺点,就是,OSX,系统,目前,确实,部分,APP,没有,Windows,好用,，,希望,以后,可以,通过,update,改进,。
23,",",Apple, ,MacBook, ,Pro, ,13.3,英寸,笔记本电脑, ,银色,（,2017,款,Multi,-,Touch, ,Bar,/,Core, ,i5,/,8GB,/,512GB, ,MPXY2CH,/,A,）,",",2017,-,10,-,30, ,23,:,41,:,23,",",虽然,性价比,确实,相对,较,低,，,但是,用,了,几天,后,，,最大,的,感受,就是,比起,原来,笨重,的,性能,本,，,这个,确实,是,轻多,了,，,背出去,很,轻松,，,同时,工作效率,得到,了,提升,，,确实,在,mac,设计,方面,做,了,很多,易于,用户,操作,的,优化,，,我,是,做,开发,的,...
24,",",Apple, ,MacBook, ,Pro, ,13.3,英寸,笔记本电脑, ,银色,（,2017,款,Multi,-,Touch, ,Bar,/,Core, ,i5,/,8GB,/,512GB, ,MPXY2CH,/,A,）,",",2018,-,04,-,09, ,22,:,01,:,34,",",包装,很,简洁,，,不过,足够,了,~,机子,完美,啊,！,老婆,完全,是,冲着,颜值,买,了,这款,，,性能,大大,超过,需求,~,用,起来,心情,好,就,超值,~,老婆,高兴,就,好,~
25,",",Apple, ,MacBook, ,Pro, ,13.3,英寸,笔记本电脑, ,银色,（,2017,款,Multi,-,Touch, ,Bar,/,Core, ,i5,/,8GB,/,512GB, ,MPXY2CH,/,A,）,",",2017,-,12,-,13, ,22,:,17,:,09,",",双,十二,购,的,，,便宜,一点,，,凌晨,拍,的,，,下午,就,到,了,，,京东,就是,快,。,电脑,棒棒,哒,，,就是,不太会,用,，,appid,一直,登录,不,上去,，,折腾,了,半天,，,打,客服,电话,，,很,给,力,的,帮忙,解决,了,。,为,客服,点个,赞,！,第一次,用,mac,，,慢慢,习惯,吧,！,对于,程序员,应该,很,实用,。
26,",",Apple, ,MacBook, ,Pro, ,13.3,英寸,笔记本电脑, ,银色,（,2017,款,Multi,-,Touch, ,Bar,/,Core, ,i5,/,8GB,/,512GB, ,MPXY2CH,/,A,）,",",2017,-,11,-,24, ,22,:,58,:,46,",","""",电脑,有,问题,啊,！,！,！,刚用,几次,，,已经,出现,两次,电脑,没,反应,，,彩色,圈圈,一直,转,的,问题,，,到,现在,已经,转,了,将近,10,分钟,了,，,一直,没,反应,。,并且,下,东西,速度,非常,慢,！,！,才,100m,的,东西,竟然,显示,得,下,两天,！,！,！
而且,这次,派送,也,有,问题,，,买,了,一个,星期,，,系统,一直,显示,一个,站点,货物,太,多,，,让,我,等等,。,结果,有天,早晨,莫名其妙,地,，,就,显示,已,收货,！,！,吓,得,我,赶紧,起来,打电话,，,结果,送到,了,自,提点,，,还是,我,自己,搭车去,取,的,&,hellip,;,&,hellip,;
让,我,老,觉得,苹果电脑,感觉,被,调包,了,&,hellip,;,&,hellip,;,不然,怎么,会出,这种,问题,?,""""
27,",",Apple, ,MacBook, ,Pro, ,13.3,英寸,笔记本电脑, ,银色,（,2017,款,Multi,-,Touch, ,Bar,/,Core, ,i5,/,8GB,/,512GB, ,MPXY2CH,/,A,）,",",2017,-,07,-,21, ,08,:,28,:,38,",",稍微,适应,了,一会儿,就,上,手,了,，,确实,很,好,用,，,尤其,是,触摸板,的,逻辑,，,比,鼠标,要强,很多,，,办公,软件,的话,买个,了,许可,，,和,Windows, ,7,就,没什么,区别,了,，,就是,内存空间,少,了,一点,，,买,了,一个,外接,硬盘,，,实际,使用,效果,不错,，,如果,有,的,人,是,使用,小米,的,转换器,的话,，,那个,转换器,配,MacBook,会,很,烫,很,烫,，,建议,慎重考虑
28,",",Apple, ,MacBook, ,Pro, ,13.3,英寸,笔记本电脑, ,银色,（,2017,款,Multi,-,Touch, ,Bar,/,Core, ,i5,/,8GB,/,512GB, ,MPXY2CH,/,A,）,",",2018,-,06,-,06, ,16,:,00,:,40,",","""",买,之前,一直,都,有,担心,，,网上,的,评价,有,褒,有,贬,，,看得,我,眼花缭乱,。
之前,的,iPad,和,iPhone,都,是,直接,在,大悦,城,的,实体,店里,买,的,，,这是,第一次,在,京东,买,这么,贵,的,东西,。,犹豫,了,好久,终于,下,了,单,，,第二天,收到,，,拆箱,之前,先查,了,一下,序列号,，,发现,没有,问题,。,于是,开始,激活,电脑,，,屏幕,很赞,，,没有,裂痕,和,缺口,，,这个,清晰度,真的,感人,，,幸亏,没有,买,air,。,总之,好评,加加,加加,加,啊,！,都,说,买,到,的,东西,好坏,是,个,概率,问题,，,庆幸,自己,运气,好,，,买到,了,一台,很赞,的,机子,。,这次,无论如何,都,要,给,京东,一个,好评,！
BTW,，,真的,爱死,了,苹果,系统,，,买,苹果电脑,就是,为了,系统,买,的,，,为什么,那么,多人,买,了,mac,却,要,装,双系统,呢,！,！,！,！,！,""""
29,",",Apple, ,MacBook, ,Pro, ,13.3,英寸,笔记本电脑, ,银色,（,2017,款,Multi,-,Touch, ,Bar,/,Core, ,i5,/,8GB,/,512GB, ,MPXY2CH,/,A,）,",",2017,-,11,-,05, ,09,:,00,:,52,",",苹果,做工,非常,的,好,，,包装,也,很,简洁,但,保护,很,到位,，,屏幕显示,效果,也,是,非常,的,清晰,色彩,。,新,mac, ,pro,的,touch, ,bar,是,个,亮点,，,解决,的,好多,原来,许多,不,方便,的,地方,，,特别,是,做,设计,很,方便,。,发票,一共,给,我,开,了,3,张,，,单张,发票,好像,他,的,不能,超过,万元,。,键盘,敲,着,不是,那么,舒服,，,声音,确实,有点,大,。,总体,还是,比较,好,的,，,还是,值,那么,多钱,。
30,",",Apple, ,MacBook, ,Pro, ,13.3,英寸,笔记本电脑, ,银色,（,2017,款,Multi,-,Touch, ,Bar,/,Core, ,i5,/,8GB,/,512GB, ,MPXY2CH,/,A,）,",",2018,-,02,-,11, ,19,:,25,:,21,",",快递,小哥,特别,帅,，,黑,西服,白,手套,红,领结,，,商品质量,没,问题,里外,三层,盒,。,苹果,的,东西,外观,我,就,不,说,了,，,大家,都,懂,，,装,B,首选,。,做,开发,和,视频,图片,处理,工作,如果,预算,充足,还是,推荐,的,。
31,",",Apple, ,MacBook, ,Pro, ,13.3,英寸,笔记本电脑, ,银色,（,2017,款,Multi,-,Touch, ,Bar,/,Core, ,i5,/,8GB,/,512GB, ,MPXY2CH,/,A,）,",",2017,-,11,-,05, ,18,:,03,:,31,",",送货,很快,，,第二天,就,到,了,。,电脑,也,上官,网查,了,序列号,，,是,正品,。,但是,这里,有点,不爽,的,是,开机,到,登录,appleid,的,时候,电脑,就,卡死,了,，,键盘,触摸板,都,没有,用,，,问,客服,也,不会,，,发,十几句,还要,等,几分钟,才,看到,回,一句,，,还,回,的,没什么,用,，,最后,只能,强制,重启,，,这,让,我,很,不,开心,，,本来,想,换货,的,，,想想,也,没,去,换,。,等,用,几天,再,来,评价,一下
32,",",Apple, ,MacBook, ,Pro, ,13.3,英寸,笔记本电脑, ,银色,（,2017,款,Multi,-,Touch, ,Bar,/,Core, ,i5,/,8GB,/,512GB, ,MPXY2CH,/,A,）,",",2018,-,07,-,19, ,18,:,29,:,18,",",在,微软,的,Surface,和,苹果,Mac, ,Pro,之间,犹豫,了,很,久,，,还,特意,跑,去,*,*,电器,商场,里面,实际,的,感受,了,一下,两者,的,实用,感受,，,最终,还是,选择,了,苹果,，,苹果,的,速度,快,一点,，,清晰度,更好,点,，,微软,的,就是,具有,触屏,，,而且,是,我们,熟悉,的,Office,。,在,网上,买,就,怕,有,假货,，,当天,收到,货后,，,仔细,的,查,了,一下,，,是,正品,?,！,希望,在,使用,中,也,不会,出现,什么,问题,。
33,",",Apple, ,MacBook, ,Pro, ,13.3,英寸,笔记本电脑, ,银色,（,2017,款,Multi,-,Touch, ,Bar,/,Core, ,i5,/,8GB,/,512GB, ,MPXY2CH,/,A,）,",",2017,-,06,-,20, ,13,:,07,:,28,",","""",全新,的,，,充电,次数,一次,。
优点,:,很,轻薄,，,屏幕,是,我,用,过,笔记本,看,的,最舒服,的,，,正常,使用,基本,没有,感觉,到,温度,，,使用,一,小时,电量,扣,了,百分之,5,，,可能,是,浏览,网页,不怎么,费电,，,触摸板,手势,很,好,用,。
缺点,:,苹果,系统,装,软件,不,方便,，,软件,数量,也,不,多,，,很多,专业,软件,都,没有,，,我,琢磨,着,外,接个,固态,硬盘,装,windows,。,新款,logo, ,不,发光,，,感觉,发光,好看,点,。,使用,过程,中,偶尔,会卡顿,。,另外,接口,只有,usb,-,c,，,还要,买,转接头,，,前卫,不,前卫,我,不,知道,，,反正,现在,是,非常,不,方便,。,一星,扣,在,系统软件,不,丰富,上,，,苹果,再,这么,封闭,下去,，,会,是,下,一个,诺基亚,。,""""
34,",",Apple, ,MacBook, ,Pro, ,13.3,英寸,笔记本电脑, ,银色,（,2017,款,Multi,-,Touch, ,Bar,/,Core, ,i5,/,8GB,/,512GB, ,MPXY2CH,/,A,）,",",2018,-,06,-,24, ,16,:,51,:,27,",",618,一直,在,看,macbook,电脑,，,先是,想,买,12,寸,那个,，,后来,去,实体店,听,工作人员,建议,还有,朋友,建议,说,这个,价位,建议,买,pro,，,看,了,机器,，,哭,的,深空,灰色,越,看,越,好看,，,更,商务,，,更,稳重,，,用来,上班,，,出差,很,适合,，,想,买,256G,的,，,可是,256G,一直,不,秒杀,，,最终,等到,128G,的,8999,元,秒杀,，,买,了,，,第二天,一看,，,降到,8888,了,，,大喜,，,马上,下,了,单,，,自助,申请,价格,保护,，,呵呵,，,几十秒,系统,自动,审核,成功,，,退回,111,元,差价,，,8888,元,到手,，,比,实体店,9588,便宜,700,，,很,划算,，,这,款,电脑,我,感觉,续航,不行,啊,，,很,发热,，,电掉,得,快,，,总计,也,就,用,4,个,小时,左右,，,感觉,，,离,官方,的,10,个,小时,相差,甚远,哦,，,系统,方面,，,不,支持,东莞,银行,，,招商银行,的,网银,控件,，,也,不,支持,工行,的,企业,银行,控件,，,自己,百度,搜索,，,摸索,着,下载安装,了,双系统,，,成功,登陆,工行,网银,系统,，,买,mac,主要,是,觉得,系统安全,，,但是,不,知道,在,虚拟机,里,上网,银,危险,不,啊,？,拿到,机器,，,一,打开,上盖,自动开机,，,进入,设置,页面,，,整体,不错,，,通过,百度,可以,初步,学会,使用,，,还,挺好用,，,就是,电池,续航,差,哦,！,难道,我,买,的,不是,正品,？,？,？
35,",",Apple, ,MacBook, ,Pro, ,13.3,英寸,笔记本电脑, ,银色,（,2017,款,Multi,-,Touch, ,Bar,/,Core, ,i5,/,8GB,/,512GB, ,MPXY2CH,/,A,）,",",2018,-,07,-,18, ,20,:,05,:,57,",",早上,下单,，,下午,就,到,，,物流,很,好,。,工作,需要,，,以前,都,是,windows,开发,，,买,了,pro,以后,要,好好,适应,了,！
36,",",Apple, ,MacBook, ,Pro, ,13.3,英寸,笔记本电脑, ,银色,（,2017,款,Multi,-,Touch, ,Bar,/,Core, ,i5,/,8GB,/,512GB, ,MPXY2CH,/,A,）,",",2017,-,08,-,26, ,21,:,11,:,31,",",触控条,真的,很,好,用,，,贵,2400,多,也,值,了
37,",",Apple, ,MacBook, ,Pro, ,13.3,英寸,笔记本电脑, ,银色,（,2017,款,Multi,-,Touch, ,Bar,/,Core, ,i5,/,8GB,/,512GB, ,MPXY2CH,/,A,）,",",2018,-,05,-,05, ,23,:,25,:,51,",",这,电脑,是,喝,大,了,么,？,？,不,给,个,解释,么,？
38,",",Apple, ,MacBook, ,Pro, ,13.3,英寸,笔记本电脑, ,银色,（,2017,款,Multi,-,Touch, ,Bar,/,Core, ,i5,/,8GB,/,512GB, ,MPXY2CH,/,A,）,",",2018,-,06,-,22, ,12,:,29,:,41,",",垃圾,京东,，,我,买,的,这个,一直,觉得,是,个,劣质,产品,，,各种,出,问题,，,现在,这个,大写,键,每次,都,关不掉,，,要,重新启动,才能,关,，,问,售后,也,没,人理,，,崩溃,死,了,，,怪,自己,当时,想着,比,实体店,少花,一点,钱,，,现在,肠子,都悔青,了,。,?
39,",",Apple, ,MacBook, ,Pro, ,13.3,英寸,笔记本电脑, ,银色,（,2017,款,Multi,-,Touch, ,Bar,/,Core, ,i5,/,8GB,/,512GB, ,MPXY2CH,/,A,）,",",2018,-,07,-,20, ,16,:,51,:,26,",",1,万多,的,电脑,外包装,还是,一个,塑料袋,，,也,不,给,送,一个,购物袋
40,",",Apple, ,MacBook, ,Pro, ,13.3,英寸,笔记本电脑, ,银色,（,2017,款,Multi,-,Touch, ,Bar,/,Core, ,i5,/,8GB,/,512GB, ,MPXY2CH,/,A,）,",",2017,-,10,-,14, ,09,:,34,:,59,",",真心,还,不错,啊,，
41,",",Apple, ,MacBook, ,Pro, ,13.3,英寸,笔记本电脑, ,银色,（,2017,款,Multi,-,Touch, ,Bar,/,Core, ,i5,/,8GB,/,512GB, ,MPXY2CH,/,A,）,",",2018,-,03,-,08, ,23,:,05,:,13,",","""",第一次,用,MacBook, ,pro
外观,给,我,的,感觉,有些,很,好,的,金属,感,，,造型,漂亮,的,没得说
系统,呢,，,之前,用,的,虚拟机,，,学习,开发,的,，,但是,虚拟机,总是,各种,卡,不想,说,了,，,为了,学习,开发,忍不住,买,了,它, 
从,去年,一直,念,到,现在,的,book, ,到手,的,感觉,很棒,哈哈
再说,说,京东,快递,吧,也,是,相当,给力,，,凌晨,下单,下午,就,送到,了,，,包装,也,是,很,有,逼格,，,搞,得,我,连,最,外面,的,包装,都,不想,扔,，,哈哈
奉上,朋友,拍,的,写真,?,?,?,""""
42,",",Apple, ,MacBook, ,Pro, ,13.3,英寸,笔记本电脑, ,银色,（,2017,款,Multi,-,Touch, ,Bar,/,Core, ,i5,/,8GB,/,512GB, ,MPXY2CH,/,A,）,",",2018,-,06,-,15, ,15,:,48,:,20,",",第一台,mac,入手,啦, , ,不,设计,不,作图,不,玩游戏, , ,只是,因为,它,的,颜值,哈哈哈, , ,一直,用,iphone, , ,这个,系统,还,没有,辣,么,难搞, , ,适应,过来,就,好,了, , , ,分辨率,确实,赞
43,",",Apple, ,MacBook, ,Pro, ,13.3,英寸,笔记本电脑, ,银色,（,2017,款,Multi,-,Touch, ,Bar,/,Core, ,i5,/,8GB,/,512GB, ,MPXY2CH,/,A,）,",",2018,-,04,-,10, ,19,:,14,:,12,",",用,了,几个,月, ,挺,好,的
44,",",Apple, ,MacBook, ,Pro, ,13.3,英寸,笔记本电脑, ,银色,（,2017,款,Multi,-,Touch, ,Bar,/,Core, ,i5,/,8GB,/,512GB, ,MPXY2CH,/,A,）,",",2018,-,06,-,03, ,18,:,07,:,15,",",谁,能,告诉,我,这,是,怎么回事,啊
45,",",Apple, ,MacBook, ,Pro, ,13.3,英寸,笔记本电脑, ,银色,（,2017,款,Multi,-,Touch, ,Bar,/,Core, ,i5,/,8GB,/,512GB, ,MPXY2CH,/,A,）,",",2017,-,08,-,16, ,17,:,15,:,27,",",京东,自营,就是,黑,，,商,，,购买,前,说,支持,七天,无,理由,退货,，,当,买回来,拆开,使用,时,发现,是,Windows10,的,系统,，,后来,让,朋友,看,了,是,双系统,，,电脑,有,两个,系统,，,只能,说,是,别人,用过,的,在,转手,卖到,我,手上,，,客服,却说,拆封,不能,退,，,我,买,的,是,256G,的,内存,，,在,安卓,系统,已经,占,了,200,内存,，,如果,我要,安卓,的,系统,1,万多,何必,买,苹果,呢,？,只能,说,一万多,在,京东,买,了,二手货
46,",",Apple, ,MacBook, ,Pro, ,13.3,英寸,笔记本电脑, ,银色,（,2017,款,Multi,-,Touch, ,Bar,/,Core, ,i5,/,8GB,/,512GB, ,MPXY2CH,/,A,）,",",2018,-,07,-,17, ,16,:,21,:,36,",",快递,小哥,从,大兴,跑,丰台,单独,送,了,过来
47,",",Apple, ,MacBook, ,Pro, ,13.3,英寸,笔记本电脑, ,银色,（,2017,款,Multi,-,Touch, ,Bar,/,Core, ,i5,/,8GB,/,512GB, ,MPXY2CH,/,A,）,",",2018,-,07,-,18, ,19,:,30,:,08,",",电脑,从,异地,调货,的,，,一共,买,了,两台,，,价格,实在,，,电脑,确认,过来,评价,的,，,很,好,用,，,外观,很,高级,，,灰色,很,好看,，,京东,很,给,力,，,货真价实,，,满意
48,",",Apple, ,MacBook, ,Pro, ,13.3,英寸,笔记本电脑, ,银色,（,2017,款,Multi,-,Touch, ,Bar,/,Core, ,i5,/,8GB,/,512GB, ,MPXY2CH,/,A,）,",",2018,-,07,-,18, ,19,:,29,:,45,",",电脑,从,异地,调货,的,，,价格,实在,，,电脑,确认,过来,评价,的,，,很,好,用,，,外观,很,高级,，,灰色,很,好看,，,京东,很,给,力,，,货真价实,，,满意
49,",",Apple, ,MacBook, ,Pro, ,13.3,英寸,笔记本电脑, ,银色,（,2017,款,Multi,-,Touch, ,Bar,/,Core, ,i5,/,8GB,/,512GB, ,MPXY2CH,/,A,）,",",2017,-,12,-,13, ,23,:,31,:,03,",",嗯,嗯,，,值得,买,！,！,！,深度,办公,谈不上,，,软件设计,编程,也,谈不上,，,发挥,便携,和,颜值,担当,作用,就,好,啦,！,跟,手里,老,老年,的,本子,比,起来,，,厚度,减了,一倍,左右,，,面积,少,一圈,，,重量轻,不少,，,可惜,没,了,信仰,灯,，,更,郁闷,是,啥,啥,端口,都,改,type,-,c,，,想,连接,得,买,转接头
50,",",Apple, ,MacBook, ,Pro, ,13.3,英寸,笔记本电脑, ,银色,（,2017,款,Multi,-,Touch, ,Bar,/,Core, ,i5,/,8GB,/,512GB, ,MPXY2CH,/,A,）,",",2018,-,07,-,19, ,07,:,50,:,38,",","""",618,秒杀,来,的,，,颜色,真,好看,，,价格,也,很,合理,，,第一次,手,残党,秒,来,的,，,感觉,很,有,成就感,！
键盘,什么,很,方便,，,非常,喜欢,！,""""
51,",",Apple, ,MacBook, ,Pro, ,13.3,英寸,笔记本电脑, ,银色,（,2017,款,Multi,-,Touch, ,Bar,/,Core, ,i5,/,8GB,/,512GB, ,MPXY2CH,/,A,）,",",2018,-,07,-,20, ,15,:,25,:,26,",",笔记本,很棒,，,速度,顺畅,，,期待,更好,发现,，,很,理想,的,又,一次,京东,购物,，,非常,喜欢,&,hellip,;
52,",",Apple, ,MacBook, ,Pro, ,13.3,英寸,笔记本电脑, ,银色,（,2017,款,Multi,-,Touch, ,Bar,/,Core, ,i5,/,8GB,/,512GB, ,MPXY2CH,/,A,）,",",2018,-,07,-,21, ,11,:,03,:,09,",",京尊达,的,小哥,穿,的,好,正式,，,这么,热,的,天儿,，,辛苦,啦,！,看,了,很,久,终于,下手,了,，,第一次,用,苹果,笔记本,，,好,期待,！,包装,超好,。
53,",",Apple, ,MacBook, ,Pro, ,13.3,英寸,笔记本电脑, ,银色,（,2017,款,Multi,-,Touch, ,Bar,/,Core, ,i5,/,8GB,/,512GB, ,MPXY2CH,/,A,）,",",2018,-,07,-,16, ,09,:,06,:,00,",",刚,到手,，,感觉,还,不错,，,目前,没有,问题,?,?,?
54,",",Apple, ,MacBook, ,Pro, ,13.3,英寸,笔记本电脑, ,银色,（,2017,款,Multi,-,Touch, ,Bar,/,Core, ,i5,/,8GB,/,512GB, ,MPXY2CH,/,A,）,",",2018,-,07,-,18, ,09,:,05,:,01,",",刚买,了,一天,，,用,起来,还是,不,喜欢,慢慢,适应,，,我刚,买,完,，,第二天,就,就,降价,810,元,，,然后,申请,了,价格,保护,，,然后,退,了,810,元,，,京东,服务,还是,相当,不错,的,。
55,",",Apple, ,MacBook, ,Pro, ,13.3,英寸,笔记本电脑, ,银色,（,2017,款,Multi,-,Touch, ,Bar,/,Core, ,i5,/,8GB,/,512GB, ,MPXY2CH,/,A,）,",",2018,-,07,-,19, ,21,:,34,:,46,",",macbookpro,还是,不错,的
56,",",Apple, ,MacBook, ,Pro, ,13.3,英寸,笔记本电脑, ,银色,（,2017,款,Multi,-,Touch, ,Bar,/,Core, ,i5,/,8GB,/,512GB, ,MPXY2CH,/,A,）,",",2018,-,07,-,19, ,07,:,33,:,29,",",酷炫,，,颜值,满分,，,特别,喜欢,。
57,",",Apple, ,MacBook, ,Pro, ,13.3,英寸,笔记本电脑, ,银色,（,2017,款,Multi,-,Touch, ,Bar,/,Core, ,i5,/,8GB,/,512GB, ,MPXY2CH,/,A,）,",",2018,-,07,-,19, ,17,:,57,:,10,",",第一次,用,苹果电脑,，,工艺,不错,，,系统,比,Windows,有,优势,。
58,",",Apple, ,MacBook, ,Pro, ,13.3,英寸,笔记本电脑, ,银色,（,2017,款,Multi,-,Touch, ,Bar,/,Core, ,i5,/,8GB,/,512GB, ,MPXY2CH,/,A,）,",",2018,-,07,-,20, ,21,:,57,:,35,",",很,好,，,颜色,很漂亮,，,速度,也,很快,，,第一次,用,苹果,，,感觉,不错,，,就是,软件,少,了
59,",",Apple, ,MacBook, ,Pro, ,13.3,英寸,笔记本电脑, ,银色,（,2017,款,Multi,-,Touch, ,Bar,/,Core, ,i5,/,8GB,/,512GB, ,MPXY2CH,/,A,）,",",2018,-,07,-,22, ,17,:,55,:,31,",",机型,性能,杠杠,的,，,送给,我,兄弟,，,我,兄弟,很,喜欢,！
60,",",Apple, ,MacBook, ,Pro, ,13.3,英寸,笔记本电脑, ,银色,（,2017,款,Multi,-,Touch, ,Bar,/,Core, ,i5,/,8GB,/,512GB, ,MPXY2CH,/,A,）,",",2018,-,07,-,22, ,10,:,23,:,02,",",京东,速度,钢钢滴,，,晚上,下单,，,第二天,上班,已到,办公室,门口,。
61,",",Apple, ,MacBook, ,Pro, ,13.3,英寸,笔记本电脑, ,银色,（,2017,款,Multi,-,Touch, ,Bar,/,Core, ,i5,/,8GB,/,512GB, ,MPXY2CH,/,A,）,",",2018,-,07,-,22, ,17,:,08,:,27,",",还,可以,，,用,就,好,在,来,。,评论,吧,。
62,",",Apple, ,MacBook, ,Pro, ,13.3,英寸,笔记本电脑, ,银色,（,2017,款,Multi,-,Touch, ,Bar,/,Core, ,i5,/,8GB,/,512GB, ,MPXY2CH,/,A,）,",",2018,-,07,-,21, ,22,:,24,:,27,",",用,了,一个多月,了,，,简单,说,下,感受,和,使用,情况,，,网上,说,的,情况,有,，,唤醒,的,时候,花屏,出现,过,两次,，,都,是,休眠,时间,过长,才,会,出现,的,，,使用,atom,卡死,过,一会,，,但是,不,死机,。,试用,非常,顺手,，,系统,确实,好用,，,不爱出,小毛病,，,这个,是,windows,系统,不能,比,的,，,给,人,的,感觉,非常,好,，,虽然,配置,不好,，,这,应该,就是,系统,的,优势,吧,！,已经,习惯,没有,鼠标,了,。,还有,一个,最大,的,缺点,，,就是,贵,，,但,值得,！
63,",",Apple, ,MacBook, ,Pro, ,13.3,英寸,笔记本电脑, ,银色,（,2017,款,Multi,-,Touch, ,Bar,/,Core, ,i5,/,8GB,/,512GB, ,MPXY2CH,/,A,）,",",2018,-,03,-,13, ,22,:,55,:,09,",",没有,什么,别的,乱七八糟,的,问题,，,质量,还是,挺,好,的,，,而且,客服,会,确认,你,是否,正常,收货,，,因为,这个,属于,贵重物品,。,比较,适合,办公,用,，,不太,适合,打游戏,，,还是,有,一些,发热,的,，,笔记本,非常,的,轻薄,，,背,起来,一点儿,不成,，,而且,续航,也,挺,好,的,，,如果,成,办公,写,代码,用,的话,，,基本上,可以,撑,一天,，,不用,充电,，,充电器,也,非常,的,轻,，,相比,windows,本,，,不过,这,一款,的,苹果,logo,就,不再,亮,了,，,没有,led,灯
64,",",Apple, ,MacBook, ,Pro, ,13.3,英寸,笔记本电脑, ,银色,（,2017,款,Multi,-,Touch, ,Bar,/,Core, ,i5,/,8GB,/,512GB, ,MPXY2CH,/,A,）,",",2018,-,07,-,21, ,09,:,21,:,47,",",送给,朋友,的,礼物,！,高大,上,！
65,",",Apple, ,MacBook, ,Pro, ,13.3,英寸,笔记本电脑, ,银色,（,2017,款,Multi,-,Touch, ,Bar,/,Core, ,i5,/,8GB,/,512GB, ,MPXY2CH,/,A,）,",",2018,-,07,-,19, ,22,:,45,:,26,",",很,好,，,第一次,买,苹果电脑,，,给,孩子,上,大学,的,礼物,。,孩子,说,不错,，,具体,功能,使用,慢慢,体会,。
66,",",Apple, ,MacBook, ,Pro, ,13.3,英寸,笔记本电脑, ,银色,（,2017,款,Multi,-,Touch, ,Bar,/,Core, ,i5,/,8GB,/,512GB, ,MPXY2CH,/,A,）,",",2018,-,07,-,21, ,09,:,33,:,51,",",并,没有,制服,白,手套,小哥,送,快递,，,包装,也,没有,那么,多层,，,不过,也,无妨,。,感觉,还,挺,好,的,，,屏幕,无敌,，,触控板,很,舒服,，,不送,鼠标,真的,有些,可惜,，,毕竟,鼠标,还是,挺贵,的,。,还是,个,学生,，,不,玩游戏,，,只是,用来,做,兼, ,职,工作,和,娱乐,，,不得不,说,画质,比,air,好,很多,，,不过,发烫,比较严重,，,不,知道,大家,有没有,这种,情况,。,如果,预算,可以,，,推荐,买,pro
67,",",Apple, ,MacBook, ,Pro, ,13.3,英寸,笔记本电脑, ,银色,（,2017,款,Multi,-,Touch, ,Bar,/,Core, ,i5,/,8GB,/,512GB, ,MPXY2CH,/,A,）,",",2018,-,07,-,03, ,12,:,35,:,42,",",最后,还是,买,了,，,老,的,该,退休,了,。
68,",",Apple, ,MacBook, ,Pro, ,13.3,英寸,笔记本电脑, ,银色,（,2017,款,Multi,-,Touch, ,Bar,/,Core, ,i5,/,8GB,/,512GB, ,MPXY2CH,/,A,）,",",2017,-,11,-,06, ,15,:,34,:,52,",",非常,不错,，,性价比,很,好,，,9288,到手
69,",",Apple, ,MacBook, ,Pro, ,13.3,英寸,笔记本电脑, ,银色,（,2017,款,Multi,-,Touch, ,Bar,/,Core, ,i5,/,8GB,/,512GB, ,MPXY2CH,/,A,）,",",2018,-,07,-,19, ,07,:,21,:,44,",",物流,很快,，,正品,品质,，,我,为,京东,点赞,！
70,",",Apple, ,MacBook, ,Pro, ,13.3,英寸,笔记本电脑, ,银色,（,2017,款,Multi,-,Touch, ,Bar,/,Core, ,i5,/,8GB,/,512GB, ,MPXY2CH,/,A,）,",",2018,-,07,-,20, ,12,:,52,:,45,",",京东,的确,不错,，,很,好,，,值得,信任
71,",",Apple, ,MacBook, ,Pro, ,13.3,英寸,笔记本电脑, ,银色,（,2017,款,Multi,-,Touch, ,Bar,/,Core, ,i5,/,8GB,/,512GB, ,MPXY2CH,/,A,）,",",2018,-,07,-,20, ,07,:,43,:,54,",","""",第一次,看见,小轿车,单独,派送,的,，,很,惊讶,！
说,到,电脑,，,非常,非常,好用,了,，,颜值,爆炸,高,，,贵有,贵,的,道理,，,有,什么,不,懂,的,可以,打电话,给,apple, ,care,，,超级,方便,。,""""
72,",",Apple, ,MacBook, ,Pro, ,13.3,英寸,笔记本电脑, ,银色,（,2017,款,Multi,-,Touch, ,Bar,/,Core, ,i5,/,8GB,/,512GB, ,MPXY2CH,/,A,）,",",2018,-,07,-,19, ,16,:,11,:,47,",",用,了,这么久,来,回答,，,首先,，,东西,是,正品,，,还是,专员,送货,，,可,当场,验货,。,其次,，,千万,不要,随便,升级,系统,，,不然,，,不,知道,会,出现,什么,毛病,，,我,的,就是,因为,在,App, ,Store,升级,了,10.13,.,6,，,导致,开机,待机,一会,就,严重,会,发热,，,合,上,盖子,后,，,再次,从,包里,拿,出来,，,都,烫手,。,没事,千万,不要,升级,系统,。
73,",",Apple, ,MacBook, ,Pro, ,13.3,英寸,笔记本电脑, ,银色,（,2017,款,Multi,-,Touch, ,Bar,/,Core, ,i5,/,8GB,/,512GB, ,MPXY2CH,/,A,）,",",2018,-,07,-,15, ,20,:,01,:,38,",",非常,好用,。,个人电脑,还是,要,看,apple,，,系统,稳定,，,用,起来,速度,飞快,，,省心,。,除了,价格,，,其他,一切,都,完美,。
74,",",Apple, ,MacBook, ,Pro, ,13.3,英寸,笔记本电脑, ,银色,（,2017,款,Multi,-,Touch, ,Bar,/,Core, ,i5,/,8GB,/,512GB, ,MPXY2CH,/,A,）,",",2018,-,07,-,20, ,16,:,35,:,52,",",特别,好用, ,非常,灵敏, ,京尊达,服务到位, ,送到,公司,来,了, ,第一次,用京,尊达, ,带,着,手套,拆,包裹,贼,专业
75,",",Apple, ,MacBook, ,Pro, ,13.3,英寸,笔记本电脑, ,银色,（,2017,款,Multi,-,Touch, ,Bar,/,Core, ,i5,/,8GB,/,512GB, ,MPXY2CH,/,A,）,",",2018,-,07,-,18, ,20,:,17,:,58,",",音效,确实,好,，,耳朵,听,怀孕,了,。,毫无,挑剔,，,所有,东西,都,挺,好,。,各种,功能,有待于,慢慢,探索,。
76,",",Apple, ,MacBook, ,Pro, ,13.3,英寸,笔记本电脑, ,银色,（,2017,款,Multi,-,Touch, ,Bar,/,Core, ,i5,/,8GB,/,512GB, ,MPXY2CH,/,A,）,",",2018,-,07,-,22, ,10,:,45,:,58,",",只能,说,没用过,苹果电脑,，,打开,电脑,，,漂亮,，,非常适合,外貌,协会,的,朋友,，,呵呵,，,非常,值得,购买,，,苹果,系统,比较稳定,，,流畅,，,不,喜欢,反应迟钝,的,手机,或,电脑,，,英明,的,决定,&,hellip,;,&,hellip,;,朋友,说,的,也,就,心一狠,，,就,剁,了,手,&,hellip,;,&,hellip,;
77,",",Apple, ,MacBook, ,Pro, ,13.3,英寸,笔记本电脑, ,银色,（,2017,款,Multi,-,Touch, ,Bar,/,Core, ,i5,/,8GB,/,512GB, ,MPXY2CH,/,A,）,",",2018,-,07,-,20, ,15,:,36,:,02,",",很,好,用,虽然,以前,用惯,了,Windows,系统,，,但,现在,喜欢,上,了,OS,系统
78,",",Apple, ,MacBook, ,Pro, ,13.3,英寸,笔记本电脑, ,银色,（,2017,款,Multi,-,Touch, ,Bar,/,Core, ,i5,/,8GB,/,512GB, ,MPXY2CH,/,A,）,",",2018,-,07,-,19, ,22,:,29,:,59,",",拿到,了,之后,真的,很,惊讶,，,感觉,没有,辜负,。,很,好,用,哦, ,，,感觉,很,方便,。
79,",",Apple, ,MacBook, ,Pro, ,13.3,英寸,笔记本电脑, ,银色,（,2017,款,Multi,-,Touch, ,Bar,/,Core, ,i5,/,8GB,/,512GB, ,MPXY2CH,/,A,）,",",2017,-,10,-,25, ,10,:,48,:,21,",",除了,电池,有点,不够,用,、,其它,都,不错,！
80,",",Apple, ,MacBook, ,Pro, ,13.3,英寸,笔记本电脑, ,银色,（,2017,款,Multi,-,Touch, ,Bar,/,Core, ,i5,/,8GB,/,512GB, ,MPXY2CH,/,A,）,",",2017,-,08,-,24, ,09,:,26,:,19,",",用来,开发,很,好
81,",",Apple, ,MacBook, ,Pro, ,13.3,英寸,笔记本电脑, ,银色,（,2017,款,Multi,-,Touch, ,Bar,/,Core, ,i5,/,8GB,/,512GB, ,MPXY2CH,/,A,）,",",2018,-,07,-,03, ,19,:,01,:,55,",",购买过程,很,曲折,，,六月,二十七,号,拿到,货,但是,电脑,发烫,很,严重,，,活动,监视器,打不开,，,反馈,之后,换,了,新机,，,保修,时间,有,异常,，,最后,又,改过来,了,，,活动,监视器,还是,打不开,，,还有,有,大神,指导,，,现在,可以,正常,使用,。,总之,购买,的,整个,过程,让,人,很,心塞,，,应该,是,正品,新机,，,具体,好不好,用,，,用,一段时间,再来,追评,~
82,",",Apple, ,MacBook, ,Pro, ,13.3,英寸,笔记本电脑, ,银色,（,2017,款,Multi,-,Touch, ,Bar,/,Core, ,i5,/,8GB,/,512GB, ,MPXY2CH,/,A,）,",",2018,-,07,-,19, ,22,:,27,:,25,",",很赞,！,非常,喜欢,！,物流,也,很快,！,苹果电脑,的,品质,确实,好,呀,！
83,",",Apple, ,MacBook, ,Pro, ,13.3,英寸,笔记本电脑, ,银色,（,2017,款,Multi,-,Touch, ,Bar,/,Core, ,i5,/,8GB,/,512GB, ,MPXY2CH,/,A,）,",",2018,-,07,-,22, ,18,:,27,:,19,",",之前,计划,买,小米,游戏,本顶配,8999,，,对比,了,MacBook, ,Pro, ,最低,配,京东,卖,9288,，,小米,刚,开始,做,笔记本,，,苹果,做,了,很多年,了,，,而且,苹果,的,外观,真的,是,特别,耐看,，,最后,还是,选,了,苹果,。
84,",",Apple, ,MacBook, ,Pro, ,13.3,英寸,笔记本电脑, ,银色,（,2017,款,Multi,-,Touch, ,Bar,/,Core, ,i5,/,8GB,/,512GB, ,MPXY2CH,/,A,）,",",2018,-,07,-,20, ,23,:,57,:,00,",",还,在,测试, ,自动,收货,了,哈,?, ,。,京东,自营,值得,信赖, ,。,没有,大,问题,、,不过,桌面上,的,文件,在,第一,关机,重开,的,时候,消失,了,了, ,之后,没,出过,问题,。,不错, ,颜值,很,高,！
85,",",Apple, ,MacBook, ,Pro, ,13.3,英寸,笔记本电脑, ,银色,（,2017,款,Multi,-,Touch, ,Bar,/,Core, ,i5,/,8GB,/,512GB, ,MPXY2CH,/,A,）,",",2018,-,07,-,21, ,00,:,10,:,49,",",小巧,精致,，,携带方便,。,外出,的,时候,比带,15,寸,的,省劲,，,也,能装,设计,软件,。,也,能,炒币,。,速度,也,可以,。, ,视频,与,照片,就,不,拍,了,，,毕竟,商品信息,里,拍,的,更,专业,。
86,",",Apple, ,MacBook, ,Pro, ,13.3,英寸,笔记本电脑, ,银色,（,2017,款,Multi,-,Touch, ,Bar,/,Core, ,i5,/,8GB,/,512GB, ,MPXY2CH,/,A,）,",",2018,-,07,-,19, ,18,:,36,:,01,",",物流,很快,，,包装,好,，,非常,满意,！
87,",",Apple, ,MacBook, ,Pro, ,13.3,英寸,笔记本电脑, ,银色,（,2017,款,Multi,-,Touch, ,Bar,/,Core, ,i5,/,8GB,/,512GB, ,MPXY2CH,/,A,）,",",2018,-,07,-,20, ,16,:,16,:,54,",",此,用户,未填写,评价,内容
88,",",Apple, ,MacBook, ,Pro, ,13.3,英寸,笔记本电脑, ,银色,（,2017,款,Multi,-,Touch, ,Bar,/,Core, ,i5,/,8GB,/,512GB, ,MPXY2CH,/,A,）,",",2018,-,03,-,08, ,18,:,04,:,15,",",前,几天,还,在,纠结,是,买,13,还是,买,15,寸,，,现在,发现,13,分是,完全,合适,的,，,15,分太大,，,不,方便,携带,15,分,应用,于,哪些,特别,专业,的,场合
89,",",Apple, ,MacBook, ,Pro, ,13.3,英寸,笔记本电脑, ,银色,（,2017,款,Multi,-,Touch, ,Bar,/,Core, ,i5,/,8GB,/,512GB, ,MPXY2CH,/,A,）,",",2018,-,07,-,22, ,23,:,50,:,46,",",东西,不错,，,系统,不,习惯,，,适应,要,很长,一段时间,了,。,系统,很多,坑,啊,，,到处,都,要钱,，,怪不得,苹果,这么,赚钱,。,要,花钱,的,全,不要
90,",",Apple, ,MacBook, ,Pro, ,13.3,英寸,笔记本电脑, ,银色,（,2017,款,Multi,-,Touch, ,Bar,/,Core, ,i5,/,8GB,/,512GB, ,MPXY2CH,/,A,）,",",2018,-,07,-,21, ,21,:,01,:,56,",",体验,过,了,，,不,喜欢,这个,键盘,，,似有,似,无,的,，,手感,不好,。,别的,都,挺,好,，,屏幕,满分,，,系统,满分,，,偶尔,崩溃,，,发热,厉害,。
91,",",Apple, ,MacBook, ,Pro, ,13.3,英寸,笔记本电脑, ,银色,（,2017,款,Multi,-,Touch, ,Bar,/,Core, ,i5,/,8GB,/,512GB, ,MPXY2CH,/,A,）,",",2018,-,07,-,19, ,09,:,17,:,23,",",收到,以后,用,了,一个月,才,来,评价,的,，,手感,、,质感,都,很,好,，,平时,作图,用,，,反应速度,很快,，,正好,降价,的,时候,买,的,，,感觉,自己,赚,了
92,",",Apple, ,MacBook, ,Pro, ,13.3,英寸,笔记本电脑, ,银色,（,2017,款,Multi,-,Touch, ,Bar,/,Core, ,i5,/,8GB,/,512GB, ,MPXY2CH,/,A,）,",",2018,-,07,-,19, ,17,:,01,:,42,",",买,的,时候,没有,银色,的,，,就,买,了,深空,色,。,结果,没,过,两天,搞,活动,，,只有,银色,的,降,了,一千多,，,好,后悔,，,买,的,时候,谨慎,些,就,好,了,。
93,",",Apple, ,MacBook, ,Pro, ,13.3,英寸,笔记本电脑, ,银色,（,2017,款,Multi,-,Touch, ,Bar,/,Core, ,i5,/,8GB,/,512GB, ,MPXY2CH,/,A,）,",",2018,-,07,-,22, ,10,:,29,:,34,",",公司,买,的,，,不,知道,好不好,，,公司,非,让,用,，,公司,买,的,，,不,知道,好不好,，,公司,非,让,用,，,公司,买,的,，,不,知道,好不好,，,公司,非,让,用,！
94,",",Apple, ,MacBook, ,Pro, ,13.3,英寸,笔记本电脑, ,银色,（,2017,款,Multi,-,Touch, ,Bar,/,Core, ,i5,/,8GB,/,512GB, ,MPXY2CH,/,A,）,",",2018,-,07,-,21, ,00,:,48,:,08,",",一直,信任,京东,，,东西,有,保障,，,特别,是,物流,和,售后,值得,表扬,。,系统,我点,用不惯,慢慢,摸索,吧,，,好评
95,",",Apple, ,MacBook, ,Pro, ,13.3,英寸,笔记本电脑, ,银色,（,2017,款,Multi,-,Touch, ,Bar,/,Core, ,i5,/,8GB,/,512GB, ,MPXY2CH,/,A,）,",",2018,-,07,-,21, ,19,:,16,:,22,",",你,知道,多少,钱,吗,？,所以,质量,就,不用说,了,，,我,说,优惠,了,500,你们,信,吗,，,嘿嘿,，,京东,真是,快
96,",",Apple, ,MacBook, ,Pro, ,13.3,英寸,笔记本电脑, ,银色,（,2017,款,Multi,-,Touch, ,Bar,/,Core, ,i5,/,8GB,/,512GB, ,MPXY2CH,/,A,）,",",2018,-,07,-,21, ,05,:,07,:,07,",",质量,很,好,，,颜色,很,喜欢,，,包装,完整,，,很,喜欢,，,主要,是,不用,自己,花钱买,，,一直,关住,很,久,了
97,",",Apple, ,MacBook, ,Pro, ,13.3,英寸,笔记本电脑, ,银色,（,2017,款,Multi,-,Touch, ,Bar,/,Core, ,i5,/,8GB,/,512GB, ,MPXY2CH,/,A,）,",",2018,-,07,-,19, ,07,:,46,:,03,",",纠结,了,好久,有没有,新款,，,刚买,了,一个月,就,出,了,，,再,考虑,换,新款,，,有,没,~,，,还,没用过
98,",",Apple, ,MacBook, ,Pro, ,13.3,英寸,笔记本电脑, ,银色,（,2017,款,Multi,-,Touch, ,Bar,/,Core, ,i5,/,8GB,/,512GB, ,MPXY2CH,/,A,）,",",2018,-,07,-,19, ,22,:,50,:,15,",",刚,收到,货,，,等待,使用,后,在,继续,评论,，,外包装,有些,破损,不过,里面,包装,完好,，,值得,欣慰,。
99,",",Apple, ,MacBook, ,Pro, ,13.3,英寸,笔记本电脑, ,银色,（,2017,款,Multi,-,Touch, ,Bar,/,Core, ,i5,/,8GB,/,512GB, ,MPXY2CH,/,A,）,",",2018,-,07,-,21, ,09,:,36,:,29,",",非常,好,，,用,了,一个,星期,了,，,没,问题,，,AppleCare,也,是,按,激活,当天,算,的
100,",",Apple, ,MacBook, ,Pro, ,13.3,英寸,笔记本电脑, ,银色,（,2017,款,Multi,-,Touch, ,Bar,/,Core, ,i5,/,8GB,/,512GB, ,MPXY2CH,/,A,）,",",2018,-,07,-,22, ,21,:,20,:,18,",","""",高颜值,，,手感,很,好,，,运行,快,，,男生女生,都,适合,！
京东,快递,就是,赞,?,?,""""
101,",",Apple, ,MacBook, ,Pro, ,13.3,英寸,笔记本电脑, ,银色,（,2017,款,Multi,-,Touch, ,Bar,/,Core, ,i5,/,8GB,/,512GB, ,MPXY2CH,/,A,）,",",2018,-,07,-,19, ,09,:,01,:,45,",",没什么,好,说,的,，,买,的,都,知道,，,除了,官网,自营,是,最佳,选择,，,还,在,路上,就,又,降价,了,，,联系,客服,保价,成功
102,",",Apple, ,MacBook, ,Pro, ,13.3,英寸,笔记本电脑, ,银色,（,2017,款,Multi,-,Touch, ,Bar,/,Core, ,i5,/,8GB,/,512GB, ,MPXY2CH,/,A,）,",",2018,-,07,-,18, ,21,:,39,:,19,",",其实,还是,很,不错,的,，,第一台,Mac,，,现在,还,不,大会,用,，,京东,一直,是,我,的,首选
103,",",Apple, ,MacBook, ,Pro, ,13.3,英寸,笔记本电脑, ,银色,（,2017,款,Multi,-,Touch, ,Bar,/,Core, ,i5,/,8GB,/,512GB, ,MPXY2CH,/,A,）,",",2018,-,07,-,21, ,21,:,52,:,08,",",很,不错, ,也,是,下,了,很大,的,决心,才,买,的, ,第一次,从,网上,买,这么,贵,的,东西, ,希望,不要,辜负,了,我,的,期望
104,",",Apple, ,MacBook, ,Pro, ,13.3,英寸,笔记本电脑, ,银色,（,2017,款,Multi,-,Touch, ,Bar,/,Core, ,i5,/,8GB,/,512GB, ,MPXY2CH,/,A,）,",",2018,-,07,-,19, ,07,:,32,:,25,",",很,好,很,喜欢
105,",",Apple, ,MacBook, ,Pro, ,13.3,英寸,笔记本电脑, ,银色,（,2017,款,Multi,-,Touch, ,Bar,/,Core, ,i5,/,8GB,/,512GB, ,MPXY2CH,/,A,）,",",2018,-,07,-,21, ,16,:,50,:,54,",",不错,，,很,好,。,用,起来,高大,上,。,用于,开发,，,性价比,很,高,，,值得,推荐,！
106,",",Apple, ,MacBook, ,Pro, ,13.3,英寸,笔记本电脑, ,银色,（,2017,款,Multi,-,Touch, ,Bar,/,Core, ,i5,/,8GB,/,512GB, ,MPXY2CH,/,A,）,",",2018,-,07,-,21, ,16,:,02,:,48,",",还,可以,，,反应,挺,灵敏,的,，,还,在,逐渐,摸索,中,。,希望,可以,多,坚持,几年,。
107,",",Apple, ,MacBook, ,Pro, ,13.3,英寸,笔记本电脑, ,银色,（,2017,款,Multi,-,Touch, ,Bar,/,Core, ,i5,/,8GB,/,512GB, ,MPXY2CH,/,A,）,",",2018,-,07,-,19, ,23,:,40,:,01,",",到,目前为止,没有,发现,问题, ,送货,速度,快, ,自提,态度,好, ,京东,618
108,",",Apple, ,MacBook, ,Pro, ,13.3,英寸,笔记本电脑, ,银色,（,2017,款,Multi,-,Touch, ,Bar,/,Core, ,i5,/,8GB,/,512GB, ,MPXY2CH,/,A,）,",",2018,-,07,-,22, ,08,:,51,:,22,",",产品,非常,好,，,我,非常,喜欢,，,下次,还会,再,买,。,京东,购物,就是,放心,。
109,",",Apple, ,MacBook, ,Pro, ,13.3,英寸,笔记本电脑, ,银色,（,2017,款,Multi,-,Touch, ,Bar,/,Core, ,i5,/,8GB,/,512GB, ,MPXY2CH,/,A,）,",",2018,-,07,-,22, ,14,:,11,:,57,",",用,了,一个月,来,评价,的,正品,，,比,之前,电脑,快,多,了,，,连接,centos,更加,便捷,点赞,棒棒,的
110,",",Apple, ,MacBook, ,Pro, ,13.3,英寸,笔记本电脑, ,银色,（,2017,款,Multi,-,Touch, ,Bar,/,Core, ,i5,/,8GB,/,512GB, ,MPXY2CH,/,A,）,",",2018,-,07,-,22, ,14,:,59,:,44,",",很棒,，,很赞,很,不错,，,物流,很快,，,客服,态度,很棒,，,很,满意,的,一次,购物,，,京东,值得,信赖,。
111,",",Apple, ,MacBook, ,Pro, ,13.3,英寸,笔记本电脑, ,银色,（,2017,款,Multi,-,Touch, ,Bar,/,Core, ,i5,/,8GB,/,512GB, ,MPXY2CH,/,A,）,",",2018,-,07,-,19, ,23,:,02,:,57,",",很,喜欢,，,特别,惊艳,，,还,在,摸索,功能,，,希望,能,越用,越,满意,。
112,",",Apple, ,MacBook, ,Pro, ,13.3,英寸,笔记本电脑, ,银色,（,2017,款,Multi,-,Touch, ,Bar,/,Core, ,i5,/,8GB,/,512GB, ,MPXY2CH,/,A,）,",",2018,-,07,-,19, ,00,:,16,:,13,",",不,戳,，,可以,，,价格,也,合适,，,6,嗯,好,能,再,便宜,点,更好,?
113,",",Apple, ,MacBook, ,Pro, ,13.3,英寸,笔记本电脑, ,银色,（,2017,款,Multi,-,Touch, ,Bar,/,Core, ,i5,/,8GB,/,512GB, ,MPXY2CH,/,A,）,",",2018,-,07,-,21, ,12,:,36,:,48,",",快递,没有,想象,中,的,那么,快,，,包装,也,比较,让,人,不,舒服,，,但,还是,不错,的,没有,损坏
114,",",Apple, ,MacBook, ,Pro, ,13.3,英寸,笔记本电脑, ,银色,（,2017,款,Multi,-,Touch, ,Bar,/,Core, ,i5,/,8GB,/,512GB, ,MPXY2CH,/,A,）,",",2018,-,07,-,19, ,09,:,54,:,00,",",送货,很,及时,，,还,没,来得及,拆开,使用,，,应该,不错,吧,?
115,",",Apple, ,MacBook, ,Pro, ,13.3,英寸,笔记本电脑, ,银色,（,2017,款,Multi,-,Touch, ,Bar,/,Core, ,i5,/,8GB,/,512GB, ,MPXY2CH,/,A,）,",",2018,-,07,-,19, ,16,:,07,:,55,",",品牌,日,下单,没有,纠结,什么,18,款,也,不,不,上,喜欢,就,好
116,",",Apple, ,MacBook, ,Pro, ,13.3,英寸,笔记本电脑, ,银色,（,2017,款,Multi,-,Touch, ,Bar,/,Core, ,i5,/,8GB,/,512GB, ,MPXY2CH,/,A,）,",",2018,-,07,-,18, ,22,:,17,:,01,",",帮,老公,买,的,，,反馈,说,开机,顺畅,，,超薄, ,颜值,高,、,就是,办公,软件,用,着,不,顺手
117,",",Apple, ,MacBook, ,Pro, ,13.3,英寸,笔记本电脑, ,银色,（,2017,款,Multi,-,Touch, ,Bar,/,Core, ,i5,/,8GB,/,512GB, ,MPXY2CH,/,A,）,",",2018,-,07,-,21, ,10,:,35,:,08,",","""",还,行
不过,买,了,马上,新版,发售
心里,有,一种,忧伤,""""
118,",",Apple, ,MacBook, ,Pro, ,13.3,英寸,笔记本电脑, ,银色,（,2017,款,Multi,-,Touch, ,Bar,/,Core, ,i5,/,8GB,/,512GB, ,MPXY2CH,/,A,）,",",2018,-,07,-,21, ,09,:,55,:,09,",",本子,大小,合适,，,性能,很,好,，,喜欢,这个,颜色,的,本子
119,",",Apple, ,MacBook, ,Pro, ,13.3,英寸,笔记本电脑, ,银色,（,2017,款,Multi,-,Touch, ,Bar,/,Core, ,i5,/,8GB,/,512GB, ,MPXY2CH,/,A,）,",",2018,-,07,-,21, ,13,:,42,:,17,",",收到,了,，,送货,的,很帅,也,很,专业,，,媳妇,超级,喜欢

